"","time","completed","percent","date"
"1",1,0,0,2011-06-22
"2",2,0,0,2011-06-22
"3",3,0,0,2011-06-22
"4",4,0,0,2011-06-22
"5",5,0,0,2011-06-22
"6",6,0,0,2011-06-22
"7",7,0,0,2011-06-22
"8",8,0,0,2011-06-22
"9",9,0,0,2011-06-22
"10",10,0,0,2011-06-22
"11",11,0,0,2011-06-22
"12",12,0,0,2011-06-22
"13",13,0,0,2011-06-22
"14",14,0,0,2011-06-22
"15",15,0,0,2011-06-22
"16",16,0,0,2011-06-22
"17",17,0,0,2011-06-22
"18",18,0,0,2011-06-22
"19",19,0,0,2011-06-22
"20",20,0,0,2011-06-22
"21",21,0,0,2011-06-22
"22",22,0,0,2011-06-22
"23",23,0,0,2011-06-22
"24",24,0,0,2011-06-22
"25",25,0,0,2011-06-22
"26",26,0,0,2011-06-22
"27",27,0,0,2011-06-22
"28",28,0,0,2011-06-22
"29",29,0,0,2011-06-22
"30",30,0,0,2011-06-22
"31",31,0,0,2011-06-22
"32",32,0,0,2011-06-22
"33",33,0,0,2011-06-22
"34",34,0,0,2011-06-22
"35",35,0,0,2011-06-22
"36",36,0,0,2011-06-22
"37",37,0,0,2011-06-22
"38",38,0,0,2011-06-22
"39",39,0,0,2011-06-22
"40",40,0,0,2011-06-22
"41",41,0,0,2011-06-22
"42",42,0,0,2011-06-22
"43",43,0,0,2011-06-22
"44",44,0,0,2011-06-22
"45",45,0,0,2011-06-22
"46",46,0,0,2011-06-22
"47",47,0,0,2011-06-22
"48",48,0,0,2011-06-22
"49",49,0,0,2011-06-22
"50",50,0,0,2011-06-22
"51",51,0,0,2011-06-22
"52",52,0,0,2011-06-22
"53",53,0,0,2011-06-22
"54",54,0,0,2011-06-22
"55",55,0,0,2011-06-22
"56",56,0,0,2011-06-22
"57",57,0,0,2011-06-22
"58",58,0,0,2011-06-22
"59",59,0,0,2011-06-22
"60",60,0,0,2011-06-22
"61",61,0,0,2011-06-22
"62",62,0,0,2011-06-22
"63",63,0,0,2011-06-22
"64",64,0,0,2011-06-22
"65",65,0,0,2011-06-22
"66",66,0,0,2011-06-22
"67",67,0,0,2011-06-22
"68",68,0,0,2011-06-22
"69",69,0,0,2011-06-22
"70",70,0,0,2011-06-22
"71",71,0,0,2011-06-22
"72",72,0,0,2011-06-22
"73",73,0,0,2011-06-22
"74",74,0,0,2011-06-22
"75",75,0,0,2011-06-22
"76",76,0,0,2011-06-22
"77",77,0,0,2011-06-22
"78",78,0,0,2011-06-22
"79",79,0,0,2011-06-22
"80",80,0,0,2011-06-22
"81",81,0,0,2011-06-22
"82",82,0,0,2011-06-22
"83",83,0,0,2011-06-22
"84",84,0,0,2011-06-22
"85",85,0,0,2011-06-22
"86",86,0,0,2011-06-22
"87",87,0,0,2011-06-22
"88",88,0,0,2011-06-22
"89",89,0,0,2011-06-22
"90",90,0,0,2011-06-22
"91",91,0,0,2011-06-22
"92",92,0,0,2011-06-22
"93",93,0,0,2011-06-22
"94",94,0,0,2011-06-22
"95",95,0,0,2011-06-22
"96",96,0,0,2011-06-22
"97",97,0,0,2011-06-22
"98",98,0,0,2011-06-22
"99",99,0,0,2011-06-22
"100",100,0,0,2011-06-22
"101",101,0,0,2011-06-22
"102",102,0,0,2011-06-22
"103",103,0,0,2011-06-22
"104",104,0,0,2011-06-22
"105",105,0,0,2011-06-22
"106",106,0,0,2011-06-22
"107",107,0,0,2011-06-22
"108",108,0,0,2011-06-22
"109",109,0,0,2011-06-22
"110",110,1,0.0138888888888889,2011-06-22
"111",111,1,0.0138888888888889,2011-06-22
"112",112,1,0.0138888888888889,2011-06-22
"113",113,1,0.0138888888888889,2011-06-22
"114",114,1,0.0138888888888889,2011-06-22
"115",115,1,0.0138888888888889,2011-06-22
"116",116,1,0.0138888888888889,2011-06-22
"117",117,1,0.0138888888888889,2011-06-22
"118",118,1,0.0138888888888889,2011-06-22
"119",119,1,0.0138888888888889,2011-06-22
"120",120,1,0.0138888888888889,2011-06-22
"121",121,1,0.0138888888888889,2011-06-22
"122",122,2,0.0277777777777778,2011-06-22
"123",123,2,0.0277777777777778,2011-06-22
"124",124,2,0.0277777777777778,2011-06-22
"125",125,2,0.0277777777777778,2011-06-22
"126",126,2,0.0277777777777778,2011-06-22
"127",127,2,0.0277777777777778,2011-06-22
"128",128,2,0.0277777777777778,2011-06-22
"129",129,2,0.0277777777777778,2011-06-22
"130",130,2,0.0277777777777778,2011-06-22
"131",131,3,0.0416666666666667,2011-06-22
"132",132,3,0.0416666666666667,2011-06-22
"133",133,3,0.0416666666666667,2011-06-22
"134",134,3,0.0416666666666667,2011-06-22
"135",135,3,0.0416666666666667,2011-06-22
"136",136,3,0.0416666666666667,2011-06-22
"137",137,3,0.0416666666666667,2011-06-22
"138",138,3,0.0416666666666667,2011-06-22
"139",139,3,0.0416666666666667,2011-06-22
"140",140,3,0.0416666666666667,2011-06-22
"141",141,3,0.0416666666666667,2011-06-22
"142",142,3,0.0416666666666667,2011-06-22
"143",143,3,0.0416666666666667,2011-06-22
"144",144,3,0.0416666666666667,2011-06-22
"145",145,3,0.0416666666666667,2011-06-22
"146",146,3,0.0416666666666667,2011-06-22
"147",147,3,0.0416666666666667,2011-06-22
"148",148,4,0.0555555555555556,2011-06-22
"149",149,4,0.0555555555555556,2011-06-22
"150",150,4,0.0555555555555556,2011-06-22
"151",151,4,0.0555555555555556,2011-06-22
"152",152,4,0.0555555555555556,2011-06-22
"153",153,4,0.0555555555555556,2011-06-22
"154",154,4,0.0555555555555556,2011-06-22
"155",155,4,0.0555555555555556,2011-06-22
"156",156,4,0.0555555555555556,2011-06-22
"157",157,5,0.0694444444444444,2011-06-22
"158",158,5,0.0694444444444444,2011-06-22
"159",159,5,0.0694444444444444,2011-06-22
"160",160,5,0.0694444444444444,2011-06-22
"161",161,5,0.0694444444444444,2011-06-22
"162",162,6,0.0833333333333333,2011-06-22
"163",163,6,0.0833333333333333,2011-06-22
"164",164,6,0.0833333333333333,2011-06-22
"165",165,6,0.0833333333333333,2011-06-22
"166",166,6,0.0833333333333333,2011-06-22
"167",167,6,0.0833333333333333,2011-06-22
"168",168,6,0.0833333333333333,2011-06-22
"169",169,6,0.0833333333333333,2011-06-22
"170",170,6,0.0833333333333333,2011-06-22
"171",171,6,0.0833333333333333,2011-06-22
"172",172,6,0.0833333333333333,2011-06-22
"173",173,6,0.0833333333333333,2011-06-22
"174",174,6,0.0833333333333333,2011-06-22
"175",175,6,0.0833333333333333,2011-06-22
"176",176,6,0.0833333333333333,2011-06-22
"177",177,6,0.0833333333333333,2011-06-22
"178",178,6,0.0833333333333333,2011-06-22
"179",179,6,0.0833333333333333,2011-06-22
"180",180,6,0.0833333333333333,2011-06-22
"181",181,6,0.0833333333333333,2011-06-22
"182",182,6,0.0833333333333333,2011-06-22
"183",183,6,0.0833333333333333,2011-06-22
"184",184,6,0.0833333333333333,2011-06-22
"185",185,6,0.0833333333333333,2011-06-22
"186",186,6,0.0833333333333333,2011-06-22
"187",187,6,0.0833333333333333,2011-06-22
"188",188,7,0.0972222222222222,2011-06-22
"189",189,7,0.0972222222222222,2011-06-22
"190",190,7,0.0972222222222222,2011-06-22
"191",191,7,0.0972222222222222,2011-06-22
"192",192,7,0.0972222222222222,2011-06-22
"193",193,7,0.0972222222222222,2011-06-22
"194",194,7,0.0972222222222222,2011-06-22
"195",195,7,0.0972222222222222,2011-06-22
"196",196,7,0.0972222222222222,2011-06-22
"197",197,8,0.111111111111111,2011-06-22
"198",198,8,0.111111111111111,2011-06-22
"199",199,8,0.111111111111111,2011-06-22
"200",200,8,0.111111111111111,2011-06-22
"201",201,8,0.111111111111111,2011-06-22
"202",202,8,0.111111111111111,2011-06-22
"203",203,8,0.111111111111111,2011-06-22
"204",204,8,0.111111111111111,2011-06-22
"205",205,9,0.125,2011-06-22
"206",206,9,0.125,2011-06-22
"207",207,9,0.125,2011-06-22
"208",208,9,0.125,2011-06-22
"209",209,9,0.125,2011-06-22
"210",210,9,0.125,2011-06-22
"211",211,9,0.125,2011-06-22
"212",212,9,0.125,2011-06-22
"213",213,9,0.125,2011-06-22
"214",214,9,0.125,2011-06-22
"215",215,9,0.125,2011-06-22
"216",216,9,0.125,2011-06-22
"217",217,9,0.125,2011-06-22
"218",218,9,0.125,2011-06-22
"219",219,9,0.125,2011-06-22
"220",220,9,0.125,2011-06-22
"221",221,9,0.125,2011-06-22
"222",222,9,0.125,2011-06-22
"223",223,9,0.125,2011-06-22
"224",224,9,0.125,2011-06-22
"225",225,9,0.125,2011-06-22
"226",226,9,0.125,2011-06-22
"227",227,9,0.125,2011-06-22
"228",228,9,0.125,2011-06-22
"229",229,10,0.138888888888889,2011-06-22
"230",230,10,0.138888888888889,2011-06-22
"231",231,11,0.152777777777778,2011-06-22
"232",232,11,0.152777777777778,2011-06-22
"233",233,11,0.152777777777778,2011-06-22
"234",234,11,0.152777777777778,2011-06-22
"235",235,11,0.152777777777778,2011-06-22
"236",236,11,0.152777777777778,2011-06-22
"237",237,11,0.152777777777778,2011-06-22
"238",238,11,0.152777777777778,2011-06-22
"239",239,11,0.152777777777778,2011-06-22
"240",240,11,0.152777777777778,2011-06-22
"241",241,11,0.152777777777778,2011-06-22
"242",242,12,0.166666666666667,2011-06-22
"243",243,12,0.166666666666667,2011-06-22
"244",244,12,0.166666666666667,2011-06-22
"245",245,13,0.180555555555556,2011-06-22
"246",246,13,0.180555555555556,2011-06-22
"247",247,13,0.180555555555556,2011-06-22
"248",248,13,0.180555555555556,2011-06-22
"249",249,13,0.180555555555556,2011-06-22
"250",250,13,0.180555555555556,2011-06-22
"251",251,13,0.180555555555556,2011-06-22
"252",252,13,0.180555555555556,2011-06-22
"253",253,13,0.180555555555556,2011-06-22
"254",254,13,0.180555555555556,2011-06-22
"255",255,13,0.180555555555556,2011-06-22
"256",256,13,0.180555555555556,2011-06-22
"257",257,13,0.180555555555556,2011-06-22
"258",258,13,0.180555555555556,2011-06-22
"259",259,13,0.180555555555556,2011-06-22
"260",260,13,0.180555555555556,2011-06-22
"261",261,13,0.180555555555556,2011-06-22
"262",262,13,0.180555555555556,2011-06-22
"263",263,13,0.180555555555556,2011-06-22
"264",264,13,0.180555555555556,2011-06-22
"265",265,13,0.180555555555556,2011-06-22
"266",266,13,0.180555555555556,2011-06-22
"267",267,13,0.180555555555556,2011-06-22
"268",268,13,0.180555555555556,2011-06-22
"269",269,13,0.180555555555556,2011-06-22
"270",270,14,0.194444444444444,2011-06-22
"271",271,14,0.194444444444444,2011-06-22
"272",272,14,0.194444444444444,2011-06-22
"273",273,14,0.194444444444444,2011-06-22
"274",274,14,0.194444444444444,2011-06-22
"275",275,14,0.194444444444444,2011-06-22
"276",276,14,0.194444444444444,2011-06-22
"277",277,14,0.194444444444444,2011-06-22
"278",278,14,0.194444444444444,2011-06-22
"279",279,14,0.194444444444444,2011-06-22
"280",280,15,0.208333333333333,2011-06-22
"281",281,15,0.208333333333333,2011-06-22
"282",282,15,0.208333333333333,2011-06-22
"283",283,15,0.208333333333333,2011-06-22
"284",284,15,0.208333333333333,2011-06-22
"285",285,15,0.208333333333333,2011-06-22
"286",286,15,0.208333333333333,2011-06-22
"287",287,15,0.208333333333333,2011-06-22
"288",288,15,0.208333333333333,2011-06-22
"289",289,15,0.208333333333333,2011-06-22
"290",290,15,0.208333333333333,2011-06-22
"291",291,15,0.208333333333333,2011-06-22
"292",292,15,0.208333333333333,2011-06-22
"293",293,15,0.208333333333333,2011-06-22
"294",294,15,0.208333333333333,2011-06-22
"295",295,15,0.208333333333333,2011-06-22
"296",296,15,0.208333333333333,2011-06-22
"297",297,16,0.222222222222222,2011-06-22
"298",298,16,0.222222222222222,2011-06-22
"299",299,16,0.222222222222222,2011-06-22
"300",300,16,0.222222222222222,2011-06-22
"301",301,16,0.222222222222222,2011-06-22
"302",302,16,0.222222222222222,2011-06-22
"303",303,16,0.222222222222222,2011-06-22
"304",304,16,0.222222222222222,2011-06-22
"305",305,16,0.222222222222222,2011-06-22
"306",306,17,0.236111111111111,2011-06-22
"307",307,17,0.236111111111111,2011-06-22
"308",308,17,0.236111111111111,2011-06-22
"309",309,17,0.236111111111111,2011-06-22
"310",310,17,0.236111111111111,2011-06-22
"311",311,17,0.236111111111111,2011-06-22
"312",312,17,0.236111111111111,2011-06-22
"313",313,17,0.236111111111111,2011-06-22
"314",314,17,0.236111111111111,2011-06-22
"315",315,18,0.25,2011-06-22
"316",316,19,0.263888888888889,2011-06-22
"317",317,19,0.263888888888889,2011-06-22
"318",318,19,0.263888888888889,2011-06-22
"319",319,19,0.263888888888889,2011-06-22
"320",320,19,0.263888888888889,2011-06-22
"321",321,20,0.277777777777778,2011-06-22
"322",322,20,0.277777777777778,2011-06-22
"323",323,20,0.277777777777778,2011-06-22
"324",324,20,0.277777777777778,2011-06-22
"325",325,21,0.291666666666667,2011-06-22
"326",326,21,0.291666666666667,2011-06-22
"327",327,21,0.291666666666667,2011-06-22
"328",328,21,0.291666666666667,2011-06-22
"329",329,21,0.291666666666667,2011-06-22
"330",330,21,0.291666666666667,2011-06-22
"331",331,21,0.291666666666667,2011-06-22
"332",332,21,0.291666666666667,2011-06-22
"333",333,21,0.291666666666667,2011-06-22
"334",334,21,0.291666666666667,2011-06-22
"335",335,22,0.305555555555556,2011-06-22
"336",336,22,0.305555555555556,2011-06-22
"337",337,22,0.305555555555556,2011-06-22
"338",338,22,0.305555555555556,2011-06-22
"339",339,22,0.305555555555556,2011-06-22
"340",340,22,0.305555555555556,2011-06-22
"341",341,22,0.305555555555556,2011-06-22
"342",342,22,0.305555555555556,2011-06-22
"343",343,22,0.305555555555556,2011-06-22
"344",344,22,0.305555555555556,2011-06-22
"345",345,22,0.305555555555556,2011-06-22
"346",346,22,0.305555555555556,2011-06-22
"347",347,22,0.305555555555556,2011-06-22
"348",348,23,0.319444444444444,2011-06-22
"349",349,23,0.319444444444444,2011-06-22
"350",350,23,0.319444444444444,2011-06-22
"351",351,23,0.319444444444444,2011-06-22
"352",352,23,0.319444444444444,2011-06-22
"353",353,23,0.319444444444444,2011-06-22
"354",354,23,0.319444444444444,2011-06-22
"355",355,24,0.333333333333333,2011-06-22
"356",356,24,0.333333333333333,2011-06-22
"357",357,24,0.333333333333333,2011-06-22
"358",358,24,0.333333333333333,2011-06-22
"359",359,25,0.347222222222222,2011-06-22
"360",360,25,0.347222222222222,2011-06-22
"361",361,25,0.347222222222222,2011-06-22
"362",362,25,0.347222222222222,2011-06-22
"363",363,25,0.347222222222222,2011-06-22
"364",364,25,0.347222222222222,2011-06-22
"365",365,25,0.347222222222222,2011-06-22
"366",366,25,0.347222222222222,2011-06-22
"367",367,25,0.347222222222222,2011-06-22
"368",368,25,0.347222222222222,2011-06-22
"369",369,25,0.347222222222222,2011-06-22
"370",370,25,0.347222222222222,2011-06-22
"371",371,25,0.347222222222222,2011-06-22
"372",372,26,0.361111111111111,2011-06-22
"373",373,26,0.361111111111111,2011-06-22
"374",374,26,0.361111111111111,2011-06-22
"375",375,26,0.361111111111111,2011-06-22
"376",376,26,0.361111111111111,2011-06-22
"377",377,26,0.361111111111111,2011-06-22
"378",378,26,0.361111111111111,2011-06-22
"379",379,26,0.361111111111111,2011-06-22
"380",380,26,0.361111111111111,2011-06-22
"381",381,26,0.361111111111111,2011-06-22
"382",382,26,0.361111111111111,2011-06-22
"383",383,26,0.361111111111111,2011-06-22
"384",384,26,0.361111111111111,2011-06-22
"385",385,26,0.361111111111111,2011-06-22
"386",386,26,0.361111111111111,2011-06-22
"387",387,26,0.361111111111111,2011-06-22
"388",388,26,0.361111111111111,2011-06-22
"389",389,26,0.361111111111111,2011-06-22
"390",390,26,0.361111111111111,2011-06-22
"391",391,26,0.361111111111111,2011-06-22
"392",392,26,0.361111111111111,2011-06-22
"393",393,26,0.361111111111111,2011-06-22
"394",394,26,0.361111111111111,2011-06-22
"395",395,26,0.361111111111111,2011-06-22
"396",396,26,0.361111111111111,2011-06-22
"397",397,26,0.361111111111111,2011-06-22
"398",398,26,0.361111111111111,2011-06-22
"399",399,26,0.361111111111111,2011-06-22
"400",400,26,0.361111111111111,2011-06-22
"401",401,27,0.375,2011-06-22
"402",402,28,0.388888888888889,2011-06-22
"403",403,28,0.388888888888889,2011-06-22
"404",404,28,0.388888888888889,2011-06-22
"405",405,28,0.388888888888889,2011-06-22
"406",406,28,0.388888888888889,2011-06-22
"407",407,28,0.388888888888889,2011-06-22
"408",408,28,0.388888888888889,2011-06-22
"409",409,28,0.388888888888889,2011-06-22
"410",410,28,0.388888888888889,2011-06-22
"411",411,28,0.388888888888889,2011-06-22
"412",412,28,0.388888888888889,2011-06-22
"413",413,29,0.402777777777778,2011-06-22
"414",414,29,0.402777777777778,2011-06-22
"415",415,29,0.402777777777778,2011-06-22
"416",416,29,0.402777777777778,2011-06-22
"417",417,29,0.402777777777778,2011-06-22
"418",418,29,0.402777777777778,2011-06-22
"419",419,29,0.402777777777778,2011-06-22
"420",420,29,0.402777777777778,2011-06-22
"421",421,29,0.402777777777778,2011-06-22
"422",422,29,0.402777777777778,2011-06-22
"423",423,29,0.402777777777778,2011-06-22
"424",424,29,0.402777777777778,2011-06-22
"425",425,29,0.402777777777778,2011-06-22
"426",426,29,0.402777777777778,2011-06-22
"427",427,29,0.402777777777778,2011-06-22
"428",428,29,0.402777777777778,2011-06-22
"429",429,29,0.402777777777778,2011-06-22
"430",430,29,0.402777777777778,2011-06-22
"431",431,29,0.402777777777778,2011-06-22
"432",432,29,0.402777777777778,2011-06-22
"433",433,29,0.402777777777778,2011-06-22
"434",434,29,0.402777777777778,2011-06-22
"435",435,29,0.402777777777778,2011-06-22
"436",436,30,0.416666666666667,2011-06-22
"437",437,30,0.416666666666667,2011-06-22
"438",438,30,0.416666666666667,2011-06-22
"439",439,31,0.430555555555556,2011-06-22
"440",440,31,0.430555555555556,2011-06-22
"441",441,31,0.430555555555556,2011-06-22
"442",442,31,0.430555555555556,2011-06-22
"443",443,31,0.430555555555556,2011-06-22
"444",444,32,0.444444444444444,2011-06-22
"445",445,32,0.444444444444444,2011-06-22
"446",446,32,0.444444444444444,2011-06-22
"447",447,32,0.444444444444444,2011-06-22
"448",448,33,0.458333333333333,2011-06-22
"449",449,34,0.472222222222222,2011-06-22
"450",450,34,0.472222222222222,2011-06-22
"451",451,34,0.472222222222222,2011-06-22
"452",452,35,0.486111111111111,2011-06-22
"453",453,36,0.5,2011-06-22
"454",454,36,0.5,2011-06-22
"455",455,36,0.5,2011-06-22
"456",456,36,0.5,2011-06-22
"457",457,38,0.527777777777778,2011-06-22
"458",458,38,0.527777777777778,2011-06-22
"459",459,38,0.527777777777778,2011-06-22
"460",460,40,0.555555555555556,2011-06-22
"461",461,40,0.555555555555556,2011-06-22
"462",462,40,0.555555555555556,2011-06-22
"463",463,40,0.555555555555556,2011-06-22
"464",464,41,0.569444444444444,2011-06-22
"465",465,41,0.569444444444444,2011-06-22
"466",466,41,0.569444444444444,2011-06-22
"467",467,41,0.569444444444444,2011-06-22
"468",468,41,0.569444444444444,2011-06-22
"469",469,41,0.569444444444444,2011-06-22
"470",470,41,0.569444444444444,2011-06-22
"471",471,42,0.583333333333333,2011-06-22
"472",472,42,0.583333333333333,2011-06-22
"473",473,42,0.583333333333333,2011-06-22
"474",474,42,0.583333333333333,2011-06-22
"475",475,42,0.583333333333333,2011-06-22
"476",476,42,0.583333333333333,2011-06-22
"477",477,42,0.583333333333333,2011-06-22
"478",478,42,0.583333333333333,2011-06-22
"479",479,42,0.583333333333333,2011-06-22
"480",480,42,0.583333333333333,2011-06-22
"481",481,42,0.583333333333333,2011-06-22
"482",482,42,0.583333333333333,2011-06-22
"483",483,42,0.583333333333333,2011-06-22
"484",484,43,0.597222222222222,2011-06-22
"485",485,43,0.597222222222222,2011-06-22
"486",486,43,0.597222222222222,2011-06-22
"487",487,43,0.597222222222222,2011-06-22
"488",488,44,0.611111111111111,2011-06-22
"489",489,44,0.611111111111111,2011-06-22
"490",490,45,0.625,2011-06-22
"491",491,47,0.652777777777778,2011-06-22
"492",492,47,0.652777777777778,2011-06-22
"493",493,48,0.666666666666667,2011-06-22
"494",494,48,0.666666666666667,2011-06-22
"495",495,48,0.666666666666667,2011-06-22
"496",496,48,0.666666666666667,2011-06-22
"497",497,48,0.666666666666667,2011-06-22
"498",498,48,0.666666666666667,2011-06-22
"499",499,48,0.666666666666667,2011-06-22
"500",500,48,0.666666666666667,2011-06-22
"501",1,0,0,2011-06-23
"502",2,0,0,2011-06-23
"503",3,0,0,2011-06-23
"504",4,0,0,2011-06-23
"505",5,0,0,2011-06-23
"506",6,0,0,2011-06-23
"507",7,0,0,2011-06-23
"508",8,0,0,2011-06-23
"509",9,0,0,2011-06-23
"510",10,0,0,2011-06-23
"511",11,0,0,2011-06-23
"512",12,0,0,2011-06-23
"513",13,0,0,2011-06-23
"514",14,0,0,2011-06-23
"515",15,0,0,2011-06-23
"516",16,0,0,2011-06-23
"517",17,0,0,2011-06-23
"518",18,0,0,2011-06-23
"519",19,0,0,2011-06-23
"520",20,0,0,2011-06-23
"521",21,0,0,2011-06-23
"522",22,0,0,2011-06-23
"523",23,0,0,2011-06-23
"524",24,0,0,2011-06-23
"525",25,0,0,2011-06-23
"526",26,0,0,2011-06-23
"527",27,0,0,2011-06-23
"528",28,0,0,2011-06-23
"529",29,0,0,2011-06-23
"530",30,0,0,2011-06-23
"531",31,0,0,2011-06-23
"532",32,0,0,2011-06-23
"533",33,0,0,2011-06-23
"534",34,0,0,2011-06-23
"535",35,0,0,2011-06-23
"536",36,0,0,2011-06-23
"537",37,0,0,2011-06-23
"538",38,0,0,2011-06-23
"539",39,0,0,2011-06-23
"540",40,0,0,2011-06-23
"541",41,0,0,2011-06-23
"542",42,0,0,2011-06-23
"543",43,0,0,2011-06-23
"544",44,0,0,2011-06-23
"545",45,0,0,2011-06-23
"546",46,0,0,2011-06-23
"547",47,0,0,2011-06-23
"548",48,0,0,2011-06-23
"549",49,0,0,2011-06-23
"550",50,0,0,2011-06-23
"551",51,0,0,2011-06-23
"552",52,0,0,2011-06-23
"553",53,0,0,2011-06-23
"554",54,0,0,2011-06-23
"555",55,0,0,2011-06-23
"556",56,0,0,2011-06-23
"557",57,0,0,2011-06-23
"558",58,0,0,2011-06-23
"559",59,0,0,2011-06-23
"560",60,0,0,2011-06-23
"561",61,0,0,2011-06-23
"562",62,0,0,2011-06-23
"563",63,0,0,2011-06-23
"564",64,0,0,2011-06-23
"565",65,0,0,2011-06-23
"566",66,0,0,2011-06-23
"567",67,0,0,2011-06-23
"568",68,0,0,2011-06-23
"569",69,0,0,2011-06-23
"570",70,0,0,2011-06-23
"571",71,0,0,2011-06-23
"572",72,0,0,2011-06-23
"573",73,0,0,2011-06-23
"574",74,0,0,2011-06-23
"575",75,0,0,2011-06-23
"576",76,0,0,2011-06-23
"577",77,0,0,2011-06-23
"578",78,0,0,2011-06-23
"579",79,0,0,2011-06-23
"580",80,0,0,2011-06-23
"581",81,0,0,2011-06-23
"582",82,0,0,2011-06-23
"583",83,0,0,2011-06-23
"584",84,0,0,2011-06-23
"585",85,0,0,2011-06-23
"586",86,0,0,2011-06-23
"587",87,1,0.0138888888888889,2011-06-23
"588",88,1,0.0138888888888889,2011-06-23
"589",89,1,0.0138888888888889,2011-06-23
"590",90,2,0.0277777777777778,2011-06-23
"591",91,2,0.0277777777777778,2011-06-23
"592",92,3,0.0416666666666667,2011-06-23
"593",93,3,0.0416666666666667,2011-06-23
"594",94,3,0.0416666666666667,2011-06-23
"595",95,3,0.0416666666666667,2011-06-23
"596",96,3,0.0416666666666667,2011-06-23
"597",97,3,0.0416666666666667,2011-06-23
"598",98,3,0.0416666666666667,2011-06-23
"599",99,3,0.0416666666666667,2011-06-23
"600",100,3,0.0416666666666667,2011-06-23
"601",101,3,0.0416666666666667,2011-06-23
"602",102,3,0.0416666666666667,2011-06-23
"603",103,5,0.0694444444444444,2011-06-23
"604",104,5,0.0694444444444444,2011-06-23
"605",105,5,0.0694444444444444,2011-06-23
"606",106,5,0.0694444444444444,2011-06-23
"607",107,5,0.0694444444444444,2011-06-23
"608",108,5,0.0694444444444444,2011-06-23
"609",109,5,0.0694444444444444,2011-06-23
"610",110,5,0.0694444444444444,2011-06-23
"611",111,5,0.0694444444444444,2011-06-23
"612",112,5,0.0694444444444444,2011-06-23
"613",113,5,0.0694444444444444,2011-06-23
"614",114,5,0.0694444444444444,2011-06-23
"615",115,5,0.0694444444444444,2011-06-23
"616",116,5,0.0694444444444444,2011-06-23
"617",117,5,0.0694444444444444,2011-06-23
"618",118,5,0.0694444444444444,2011-06-23
"619",119,5,0.0694444444444444,2011-06-23
"620",120,5,0.0694444444444444,2011-06-23
"621",121,5,0.0694444444444444,2011-06-23
"622",122,5,0.0694444444444444,2011-06-23
"623",123,5,0.0694444444444444,2011-06-23
"624",124,6,0.0833333333333333,2011-06-23
"625",125,6,0.0833333333333333,2011-06-23
"626",126,6,0.0833333333333333,2011-06-23
"627",127,7,0.0972222222222222,2011-06-23
"628",128,7,0.0972222222222222,2011-06-23
"629",129,7,0.0972222222222222,2011-06-23
"630",130,7,0.0972222222222222,2011-06-23
"631",131,7,0.0972222222222222,2011-06-23
"632",132,7,0.0972222222222222,2011-06-23
"633",133,7,0.0972222222222222,2011-06-23
"634",134,7,0.0972222222222222,2011-06-23
"635",135,7,0.0972222222222222,2011-06-23
"636",136,7,0.0972222222222222,2011-06-23
"637",137,7,0.0972222222222222,2011-06-23
"638",138,7,0.0972222222222222,2011-06-23
"639",139,7,0.0972222222222222,2011-06-23
"640",140,8,0.111111111111111,2011-06-23
"641",141,8,0.111111111111111,2011-06-23
"642",142,8,0.111111111111111,2011-06-23
"643",143,8,0.111111111111111,2011-06-23
"644",144,8,0.111111111111111,2011-06-23
"645",145,9,0.125,2011-06-23
"646",146,9,0.125,2011-06-23
"647",147,9,0.125,2011-06-23
"648",148,9,0.125,2011-06-23
"649",149,9,0.125,2011-06-23
"650",150,9,0.125,2011-06-23
"651",151,9,0.125,2011-06-23
"652",152,9,0.125,2011-06-23
"653",153,9,0.125,2011-06-23
"654",154,9,0.125,2011-06-23
"655",155,9,0.125,2011-06-23
"656",156,9,0.125,2011-06-23
"657",157,9,0.125,2011-06-23
"658",158,9,0.125,2011-06-23
"659",159,10,0.138888888888889,2011-06-23
"660",160,10,0.138888888888889,2011-06-23
"661",161,10,0.138888888888889,2011-06-23
"662",162,10,0.138888888888889,2011-06-23
"663",163,10,0.138888888888889,2011-06-23
"664",164,10,0.138888888888889,2011-06-23
"665",165,10,0.138888888888889,2011-06-23
"666",166,10,0.138888888888889,2011-06-23
"667",167,10,0.138888888888889,2011-06-23
"668",168,10,0.138888888888889,2011-06-23
"669",169,11,0.152777777777778,2011-06-23
"670",170,11,0.152777777777778,2011-06-23
"671",171,11,0.152777777777778,2011-06-23
"672",172,12,0.166666666666667,2011-06-23
"673",173,12,0.166666666666667,2011-06-23
"674",174,12,0.166666666666667,2011-06-23
"675",175,12,0.166666666666667,2011-06-23
"676",176,12,0.166666666666667,2011-06-23
"677",177,12,0.166666666666667,2011-06-23
"678",178,12,0.166666666666667,2011-06-23
"679",179,12,0.166666666666667,2011-06-23
"680",180,12,0.166666666666667,2011-06-23
"681",181,12,0.166666666666667,2011-06-23
"682",182,12,0.166666666666667,2011-06-23
"683",183,13,0.180555555555556,2011-06-23
"684",184,13,0.180555555555556,2011-06-23
"685",185,13,0.180555555555556,2011-06-23
"686",186,13,0.180555555555556,2011-06-23
"687",187,13,0.180555555555556,2011-06-23
"688",188,14,0.194444444444444,2011-06-23
"689",189,14,0.194444444444444,2011-06-23
"690",190,14,0.194444444444444,2011-06-23
"691",191,14,0.194444444444444,2011-06-23
"692",192,14,0.194444444444444,2011-06-23
"693",193,15,0.208333333333333,2011-06-23
"694",194,15,0.208333333333333,2011-06-23
"695",195,15,0.208333333333333,2011-06-23
"696",196,15,0.208333333333333,2011-06-23
"697",197,15,0.208333333333333,2011-06-23
"698",198,15,0.208333333333333,2011-06-23
"699",199,15,0.208333333333333,2011-06-23
"700",200,15,0.208333333333333,2011-06-23
"701",201,15,0.208333333333333,2011-06-23
"702",202,15,0.208333333333333,2011-06-23
"703",203,15,0.208333333333333,2011-06-23
"704",204,15,0.208333333333333,2011-06-23
"705",205,15,0.208333333333333,2011-06-23
"706",206,15,0.208333333333333,2011-06-23
"707",207,15,0.208333333333333,2011-06-23
"708",208,15,0.208333333333333,2011-06-23
"709",209,15,0.208333333333333,2011-06-23
"710",210,16,0.222222222222222,2011-06-23
"711",211,16,0.222222222222222,2011-06-23
"712",212,16,0.222222222222222,2011-06-23
"713",213,17,0.236111111111111,2011-06-23
"714",214,17,0.236111111111111,2011-06-23
"715",215,17,0.236111111111111,2011-06-23
"716",216,17,0.236111111111111,2011-06-23
"717",217,17,0.236111111111111,2011-06-23
"718",218,17,0.236111111111111,2011-06-23
"719",219,17,0.236111111111111,2011-06-23
"720",220,17,0.236111111111111,2011-06-23
"721",221,17,0.236111111111111,2011-06-23
"722",222,17,0.236111111111111,2011-06-23
"723",223,18,0.25,2011-06-23
"724",224,18,0.25,2011-06-23
"725",225,18,0.25,2011-06-23
"726",226,18,0.25,2011-06-23
"727",227,18,0.25,2011-06-23
"728",228,19,0.263888888888889,2011-06-23
"729",229,19,0.263888888888889,2011-06-23
"730",230,19,0.263888888888889,2011-06-23
"731",231,20,0.277777777777778,2011-06-23
"732",232,20,0.277777777777778,2011-06-23
"733",233,20,0.277777777777778,2011-06-23
"734",234,20,0.277777777777778,2011-06-23
"735",235,20,0.277777777777778,2011-06-23
"736",236,20,0.277777777777778,2011-06-23
"737",237,20,0.277777777777778,2011-06-23
"738",238,20,0.277777777777778,2011-06-23
"739",239,20,0.277777777777778,2011-06-23
"740",240,20,0.277777777777778,2011-06-23
"741",241,20,0.277777777777778,2011-06-23
"742",242,20,0.277777777777778,2011-06-23
"743",243,20,0.277777777777778,2011-06-23
"744",244,21,0.291666666666667,2011-06-23
"745",245,21,0.291666666666667,2011-06-23
"746",246,21,0.291666666666667,2011-06-23
"747",247,21,0.291666666666667,2011-06-23
"748",248,21,0.291666666666667,2011-06-23
"749",249,21,0.291666666666667,2011-06-23
"750",250,21,0.291666666666667,2011-06-23
"751",251,21,0.291666666666667,2011-06-23
"752",252,21,0.291666666666667,2011-06-23
"753",253,21,0.291666666666667,2011-06-23
"754",254,21,0.291666666666667,2011-06-23
"755",255,21,0.291666666666667,2011-06-23
"756",256,21,0.291666666666667,2011-06-23
"757",257,21,0.291666666666667,2011-06-23
"758",258,22,0.305555555555556,2011-06-23
"759",259,22,0.305555555555556,2011-06-23
"760",260,23,0.319444444444444,2011-06-23
"761",261,23,0.319444444444444,2011-06-23
"762",262,23,0.319444444444444,2011-06-23
"763",263,23,0.319444444444444,2011-06-23
"764",264,24,0.333333333333333,2011-06-23
"765",265,24,0.333333333333333,2011-06-23
"766",266,24,0.333333333333333,2011-06-23
"767",267,24,0.333333333333333,2011-06-23
"768",268,24,0.333333333333333,2011-06-23
"769",269,25,0.347222222222222,2011-06-23
"770",270,25,0.347222222222222,2011-06-23
"771",271,25,0.347222222222222,2011-06-23
"772",272,25,0.347222222222222,2011-06-23
"773",273,25,0.347222222222222,2011-06-23
"774",274,25,0.347222222222222,2011-06-23
"775",275,25,0.347222222222222,2011-06-23
"776",276,25,0.347222222222222,2011-06-23
"777",277,25,0.347222222222222,2011-06-23
"778",278,25,0.347222222222222,2011-06-23
"779",279,25,0.347222222222222,2011-06-23
"780",280,25,0.347222222222222,2011-06-23
"781",281,25,0.347222222222222,2011-06-23
"782",282,26,0.361111111111111,2011-06-23
"783",283,26,0.361111111111111,2011-06-23
"784",284,26,0.361111111111111,2011-06-23
"785",285,26,0.361111111111111,2011-06-23
"786",286,26,0.361111111111111,2011-06-23
"787",287,26,0.361111111111111,2011-06-23
"788",288,26,0.361111111111111,2011-06-23
"789",289,27,0.375,2011-06-23
"790",290,27,0.375,2011-06-23
"791",291,27,0.375,2011-06-23
"792",292,27,0.375,2011-06-23
"793",293,27,0.375,2011-06-23
"794",294,27,0.375,2011-06-23
"795",295,27,0.375,2011-06-23
"796",296,27,0.375,2011-06-23
"797",297,27,0.375,2011-06-23
"798",298,27,0.375,2011-06-23
"799",299,27,0.375,2011-06-23
"800",300,27,0.375,2011-06-23
"801",301,29,0.402777777777778,2011-06-23
"802",302,29,0.402777777777778,2011-06-23
"803",303,29,0.402777777777778,2011-06-23
"804",304,29,0.402777777777778,2011-06-23
"805",305,29,0.402777777777778,2011-06-23
"806",306,29,0.402777777777778,2011-06-23
"807",307,29,0.402777777777778,2011-06-23
"808",308,29,0.402777777777778,2011-06-23
"809",309,29,0.402777777777778,2011-06-23
"810",310,29,0.402777777777778,2011-06-23
"811",311,29,0.402777777777778,2011-06-23
"812",312,29,0.402777777777778,2011-06-23
"813",313,29,0.402777777777778,2011-06-23
"814",314,29,0.402777777777778,2011-06-23
"815",315,32,0.444444444444444,2011-06-23
"816",316,32,0.444444444444444,2011-06-23
"817",317,32,0.444444444444444,2011-06-23
"818",318,32,0.444444444444444,2011-06-23
"819",319,32,0.444444444444444,2011-06-23
"820",320,32,0.444444444444444,2011-06-23
"821",321,32,0.444444444444444,2011-06-23
"822",322,32,0.444444444444444,2011-06-23
"823",323,33,0.458333333333333,2011-06-23
"824",324,33,0.458333333333333,2011-06-23
"825",325,33,0.458333333333333,2011-06-23
"826",326,33,0.458333333333333,2011-06-23
"827",327,33,0.458333333333333,2011-06-23
"828",328,33,0.458333333333333,2011-06-23
"829",329,33,0.458333333333333,2011-06-23
"830",330,33,0.458333333333333,2011-06-23
"831",331,33,0.458333333333333,2011-06-23
"832",332,33,0.458333333333333,2011-06-23
"833",333,33,0.458333333333333,2011-06-23
"834",334,33,0.458333333333333,2011-06-23
"835",335,33,0.458333333333333,2011-06-23
"836",336,33,0.458333333333333,2011-06-23
"837",337,33,0.458333333333333,2011-06-23
"838",338,33,0.458333333333333,2011-06-23
"839",339,33,0.458333333333333,2011-06-23
"840",340,33,0.458333333333333,2011-06-23
"841",341,33,0.458333333333333,2011-06-23
"842",342,33,0.458333333333333,2011-06-23
"843",343,33,0.458333333333333,2011-06-23
"844",344,33,0.458333333333333,2011-06-23
"845",345,33,0.458333333333333,2011-06-23
"846",346,33,0.458333333333333,2011-06-23
"847",347,33,0.458333333333333,2011-06-23
"848",348,33,0.458333333333333,2011-06-23
"849",349,33,0.458333333333333,2011-06-23
"850",350,34,0.472222222222222,2011-06-23
"851",351,34,0.472222222222222,2011-06-23
"852",352,34,0.472222222222222,2011-06-23
"853",353,34,0.472222222222222,2011-06-23
"854",354,34,0.472222222222222,2011-06-23
"855",355,34,0.472222222222222,2011-06-23
"856",356,34,0.472222222222222,2011-06-23
"857",357,34,0.472222222222222,2011-06-23
"858",358,34,0.472222222222222,2011-06-23
"859",359,34,0.472222222222222,2011-06-23
"860",360,34,0.472222222222222,2011-06-23
"861",361,35,0.486111111111111,2011-06-23
"862",362,35,0.486111111111111,2011-06-23
"863",363,35,0.486111111111111,2011-06-23
"864",364,35,0.486111111111111,2011-06-23
"865",365,37,0.513888888888889,2011-06-23
"866",366,37,0.513888888888889,2011-06-23
"867",367,37,0.513888888888889,2011-06-23
"868",368,37,0.513888888888889,2011-06-23
"869",369,37,0.513888888888889,2011-06-23
"870",370,37,0.513888888888889,2011-06-23
"871",371,38,0.527777777777778,2011-06-23
"872",372,38,0.527777777777778,2011-06-23
"873",373,39,0.541666666666667,2011-06-23
"874",374,39,0.541666666666667,2011-06-23
"875",375,39,0.541666666666667,2011-06-23
"876",376,39,0.541666666666667,2011-06-23
"877",377,39,0.541666666666667,2011-06-23
"878",378,39,0.541666666666667,2011-06-23
"879",379,39,0.541666666666667,2011-06-23
"880",380,39,0.541666666666667,2011-06-23
"881",381,40,0.555555555555556,2011-06-23
"882",382,40,0.555555555555556,2011-06-23
"883",383,40,0.555555555555556,2011-06-23
"884",384,40,0.555555555555556,2011-06-23
"885",385,40,0.555555555555556,2011-06-23
"886",386,41,0.569444444444444,2011-06-23
"887",387,41,0.569444444444444,2011-06-23
"888",388,41,0.569444444444444,2011-06-23
"889",389,41,0.569444444444444,2011-06-23
"890",390,41,0.569444444444444,2011-06-23
"891",391,41,0.569444444444444,2011-06-23
"892",392,41,0.569444444444444,2011-06-23
"893",393,41,0.569444444444444,2011-06-23
"894",394,41,0.569444444444444,2011-06-23
"895",395,41,0.569444444444444,2011-06-23
"896",396,42,0.583333333333333,2011-06-23
"897",397,42,0.583333333333333,2011-06-23
"898",398,43,0.597222222222222,2011-06-23
"899",399,44,0.611111111111111,2011-06-23
"900",400,44,0.611111111111111,2011-06-23
"901",401,45,0.625,2011-06-23
"902",402,45,0.625,2011-06-23
"903",403,45,0.625,2011-06-23
"904",404,45,0.625,2011-06-23
"905",405,45,0.625,2011-06-23
"906",406,45,0.625,2011-06-23
"907",407,45,0.625,2011-06-23
"908",408,45,0.625,2011-06-23
"909",409,46,0.638888888888889,2011-06-23
"910",410,46,0.638888888888889,2011-06-23
"911",411,46,0.638888888888889,2011-06-23
"912",412,46,0.638888888888889,2011-06-23
"913",413,47,0.652777777777778,2011-06-23
"914",414,48,0.666666666666667,2011-06-23
"915",415,48,0.666666666666667,2011-06-23
"916",416,48,0.666666666666667,2011-06-23
"917",417,48,0.666666666666667,2011-06-23
"918",418,48,0.666666666666667,2011-06-23
"919",419,48,0.666666666666667,2011-06-23
"920",420,48,0.666666666666667,2011-06-23
"921",421,48,0.666666666666667,2011-06-23
"922",422,49,0.680555555555556,2011-06-23
"923",423,49,0.680555555555556,2011-06-23
"924",424,49,0.680555555555556,2011-06-23
"925",425,49,0.680555555555556,2011-06-23
"926",426,50,0.694444444444444,2011-06-23
"927",427,50,0.694444444444444,2011-06-23
"928",428,50,0.694444444444444,2011-06-23
"929",429,51,0.708333333333333,2011-06-23
"930",430,51,0.708333333333333,2011-06-23
"931",431,51,0.708333333333333,2011-06-23
"932",432,51,0.708333333333333,2011-06-23
"933",433,51,0.708333333333333,2011-06-23
"934",434,51,0.708333333333333,2011-06-23
"935",435,51,0.708333333333333,2011-06-23
"936",436,52,0.722222222222222,2011-06-23
"937",437,54,0.75,2011-06-23
"938",438,54,0.75,2011-06-23
"939",439,54,0.75,2011-06-23
"940",440,54,0.75,2011-06-23
"941",441,54,0.75,2011-06-23
"942",442,55,0.763888888888889,2011-06-23
"943",443,55,0.763888888888889,2011-06-23
"944",444,55,0.763888888888889,2011-06-23
"945",445,55,0.763888888888889,2011-06-23
"946",446,55,0.763888888888889,2011-06-23
"947",447,55,0.763888888888889,2011-06-23
"948",448,56,0.777777777777778,2011-06-23
"949",449,56,0.777777777777778,2011-06-23
"950",450,56,0.777777777777778,2011-06-23
"951",451,56,0.777777777777778,2011-06-23
"952",452,56,0.777777777777778,2011-06-23
"953",453,56,0.777777777777778,2011-06-23
"954",454,56,0.777777777777778,2011-06-23
"955",455,56,0.777777777777778,2011-06-23
"956",456,56,0.777777777777778,2011-06-23
"957",457,56,0.777777777777778,2011-06-23
"958",458,56,0.777777777777778,2011-06-23
"959",459,56,0.777777777777778,2011-06-23
"960",460,56,0.777777777777778,2011-06-23
"961",461,56,0.777777777777778,2011-06-23
"962",462,56,0.777777777777778,2011-06-23
"963",463,56,0.777777777777778,2011-06-23
"964",464,56,0.777777777777778,2011-06-23
"965",465,56,0.777777777777778,2011-06-23
"966",466,56,0.777777777777778,2011-06-23
"967",467,56,0.777777777777778,2011-06-23
"968",468,56,0.777777777777778,2011-06-23
"969",469,56,0.777777777777778,2011-06-23
"970",470,56,0.777777777777778,2011-06-23
"971",471,56,0.777777777777778,2011-06-23
"972",472,56,0.777777777777778,2011-06-23
"973",473,56,0.777777777777778,2011-06-23
"974",474,56,0.777777777777778,2011-06-23
"975",475,56,0.777777777777778,2011-06-23
"976",476,56,0.777777777777778,2011-06-23
"977",477,56,0.777777777777778,2011-06-23
"978",478,56,0.777777777777778,2011-06-23
"979",479,56,0.777777777777778,2011-06-23
"980",480,56,0.777777777777778,2011-06-23
"981",481,56,0.777777777777778,2011-06-23
"982",482,56,0.777777777777778,2011-06-23
"983",483,56,0.777777777777778,2011-06-23
"984",484,56,0.777777777777778,2011-06-23
"985",485,56,0.777777777777778,2011-06-23
"986",486,56,0.777777777777778,2011-06-23
"987",487,56,0.777777777777778,2011-06-23
"988",488,56,0.777777777777778,2011-06-23
"989",489,57,0.791666666666667,2011-06-23
"990",490,57,0.791666666666667,2011-06-23
"991",491,57,0.791666666666667,2011-06-23
"992",492,57,0.791666666666667,2011-06-23
"993",493,57,0.791666666666667,2011-06-23
"994",494,57,0.791666666666667,2011-06-23
"995",495,57,0.791666666666667,2011-06-23
"996",496,57,0.791666666666667,2011-06-23
"997",497,57,0.791666666666667,2011-06-23
"998",498,57,0.791666666666667,2011-06-23
"999",499,57,0.791666666666667,2011-06-23
"1000",500,57,0.791666666666667,2011-06-23
"1001",1,0,0,2011-06-24
"1002",2,0,0,2011-06-24
"1003",3,0,0,2011-06-24
"1004",4,0,0,2011-06-24
"1005",5,0,0,2011-06-24
"1006",6,0,0,2011-06-24
"1007",7,0,0,2011-06-24
"1008",8,0,0,2011-06-24
"1009",9,0,0,2011-06-24
"1010",10,0,0,2011-06-24
"1011",11,0,0,2011-06-24
"1012",12,0,0,2011-06-24
"1013",13,0,0,2011-06-24
"1014",14,0,0,2011-06-24
"1015",15,0,0,2011-06-24
"1016",16,0,0,2011-06-24
"1017",17,0,0,2011-06-24
"1018",18,0,0,2011-06-24
"1019",19,0,0,2011-06-24
"1020",20,0,0,2011-06-24
"1021",21,0,0,2011-06-24
"1022",22,0,0,2011-06-24
"1023",23,0,0,2011-06-24
"1024",24,0,0,2011-06-24
"1025",25,0,0,2011-06-24
"1026",26,0,0,2011-06-24
"1027",27,0,0,2011-06-24
"1028",28,0,0,2011-06-24
"1029",29,0,0,2011-06-24
"1030",30,0,0,2011-06-24
"1031",31,0,0,2011-06-24
"1032",32,0,0,2011-06-24
"1033",33,0,0,2011-06-24
"1034",34,0,0,2011-06-24
"1035",35,0,0,2011-06-24
"1036",36,0,0,2011-06-24
"1037",37,0,0,2011-06-24
"1038",38,0,0,2011-06-24
"1039",39,0,0,2011-06-24
"1040",40,0,0,2011-06-24
"1041",41,0,0,2011-06-24
"1042",42,0,0,2011-06-24
"1043",43,0,0,2011-06-24
"1044",44,0,0,2011-06-24
"1045",45,1,0.0138888888888889,2011-06-24
"1046",46,1,0.0138888888888889,2011-06-24
"1047",47,1,0.0138888888888889,2011-06-24
"1048",48,1,0.0138888888888889,2011-06-24
"1049",49,1,0.0138888888888889,2011-06-24
"1050",50,1,0.0138888888888889,2011-06-24
"1051",51,1,0.0138888888888889,2011-06-24
"1052",52,1,0.0138888888888889,2011-06-24
"1053",53,1,0.0138888888888889,2011-06-24
"1054",54,1,0.0138888888888889,2011-06-24
"1055",55,1,0.0138888888888889,2011-06-24
"1056",56,1,0.0138888888888889,2011-06-24
"1057",57,1,0.0138888888888889,2011-06-24
"1058",58,1,0.0138888888888889,2011-06-24
"1059",59,1,0.0138888888888889,2011-06-24
"1060",60,1,0.0138888888888889,2011-06-24
"1061",61,1,0.0138888888888889,2011-06-24
"1062",62,1,0.0138888888888889,2011-06-24
"1063",63,3,0.0416666666666667,2011-06-24
"1064",64,3,0.0416666666666667,2011-06-24
"1065",65,3,0.0416666666666667,2011-06-24
"1066",66,3,0.0416666666666667,2011-06-24
"1067",67,3,0.0416666666666667,2011-06-24
"1068",68,4,0.0555555555555556,2011-06-24
"1069",69,4,0.0555555555555556,2011-06-24
"1070",70,4,0.0555555555555556,2011-06-24
"1071",71,4,0.0555555555555556,2011-06-24
"1072",72,4,0.0555555555555556,2011-06-24
"1073",73,4,0.0555555555555556,2011-06-24
"1074",74,4,0.0555555555555556,2011-06-24
"1075",75,4,0.0555555555555556,2011-06-24
"1076",76,4,0.0555555555555556,2011-06-24
"1077",77,4,0.0555555555555556,2011-06-24
"1078",78,4,0.0555555555555556,2011-06-24
"1079",79,4,0.0555555555555556,2011-06-24
"1080",80,4,0.0555555555555556,2011-06-24
"1081",81,5,0.0694444444444444,2011-06-24
"1082",82,6,0.0833333333333333,2011-06-24
"1083",83,6,0.0833333333333333,2011-06-24
"1084",84,6,0.0833333333333333,2011-06-24
"1085",85,6,0.0833333333333333,2011-06-24
"1086",86,6,0.0833333333333333,2011-06-24
"1087",87,6,0.0833333333333333,2011-06-24
"1088",88,7,0.0972222222222222,2011-06-24
"1089",89,8,0.111111111111111,2011-06-24
"1090",90,9,0.125,2011-06-24
"1091",91,9,0.125,2011-06-24
"1092",92,9,0.125,2011-06-24
"1093",93,9,0.125,2011-06-24
"1094",94,9,0.125,2011-06-24
"1095",95,9,0.125,2011-06-24
"1096",96,10,0.138888888888889,2011-06-24
"1097",97,10,0.138888888888889,2011-06-24
"1098",98,11,0.152777777777778,2011-06-24
"1099",99,11,0.152777777777778,2011-06-24
"1100",100,11,0.152777777777778,2011-06-24
"1101",101,12,0.166666666666667,2011-06-24
"1102",102,12,0.166666666666667,2011-06-24
"1103",103,12,0.166666666666667,2011-06-24
"1104",104,14,0.194444444444444,2011-06-24
"1105",105,14,0.194444444444444,2011-06-24
"1106",106,14,0.194444444444444,2011-06-24
"1107",107,14,0.194444444444444,2011-06-24
"1108",108,14,0.194444444444444,2011-06-24
"1109",109,14,0.194444444444444,2011-06-24
"1110",110,14,0.194444444444444,2011-06-24
"1111",111,16,0.222222222222222,2011-06-24
"1112",112,18,0.25,2011-06-24
"1113",113,18,0.25,2011-06-24
"1114",114,18,0.25,2011-06-24
"1115",115,19,0.263888888888889,2011-06-24
"1116",116,19,0.263888888888889,2011-06-24
"1117",117,19,0.263888888888889,2011-06-24
"1118",118,20,0.277777777777778,2011-06-24
"1119",119,20,0.277777777777778,2011-06-24
"1120",120,20,0.277777777777778,2011-06-24
"1121",121,20,0.277777777777778,2011-06-24
"1122",122,20,0.277777777777778,2011-06-24
"1123",123,20,0.277777777777778,2011-06-24
"1124",124,20,0.277777777777778,2011-06-24
"1125",125,20,0.277777777777778,2011-06-24
"1126",126,20,0.277777777777778,2011-06-24
"1127",127,20,0.277777777777778,2011-06-24
"1128",128,21,0.291666666666667,2011-06-24
"1129",129,21,0.291666666666667,2011-06-24
"1130",130,22,0.305555555555556,2011-06-24
"1131",131,22,0.305555555555556,2011-06-24
"1132",132,22,0.305555555555556,2011-06-24
"1133",133,22,0.305555555555556,2011-06-24
"1134",134,22,0.305555555555556,2011-06-24
"1135",135,25,0.347222222222222,2011-06-24
"1136",136,28,0.388888888888889,2011-06-24
"1137",137,28,0.388888888888889,2011-06-24
"1138",138,30,0.416666666666667,2011-06-24
"1139",139,32,0.444444444444444,2011-06-24
"1140",140,32,0.444444444444444,2011-06-24
"1141",141,33,0.458333333333333,2011-06-24
"1142",142,34,0.472222222222222,2011-06-24
"1143",143,35,0.486111111111111,2011-06-24
"1144",144,35,0.486111111111111,2011-06-24
"1145",145,36,0.5,2011-06-24
"1146",146,37,0.513888888888889,2011-06-24
"1147",147,37,0.513888888888889,2011-06-24
"1148",148,37,0.513888888888889,2011-06-24
"1149",149,37,0.513888888888889,2011-06-24
"1150",150,37,0.513888888888889,2011-06-24
"1151",151,37,0.513888888888889,2011-06-24
"1152",152,38,0.527777777777778,2011-06-24
"1153",153,39,0.541666666666667,2011-06-24
"1154",154,40,0.555555555555556,2011-06-24
"1155",155,41,0.569444444444444,2011-06-24
"1156",156,41,0.569444444444444,2011-06-24
"1157",157,42,0.583333333333333,2011-06-24
"1158",158,45,0.625,2011-06-24
"1159",159,46,0.638888888888889,2011-06-24
"1160",160,48,0.666666666666667,2011-06-24
"1161",161,48,0.666666666666667,2011-06-24
"1162",162,48,0.666666666666667,2011-06-24
"1163",163,49,0.680555555555556,2011-06-24
"1164",164,51,0.708333333333333,2011-06-24
"1165",165,51,0.708333333333333,2011-06-24
"1166",166,52,0.722222222222222,2011-06-24
"1167",167,54,0.75,2011-06-24
"1168",168,54,0.75,2011-06-24
"1169",169,55,0.763888888888889,2011-06-24
"1170",170,55,0.763888888888889,2011-06-24
"1171",171,56,0.777777777777778,2011-06-24
"1172",172,59,0.819444444444444,2011-06-24
"1173",173,59,0.819444444444444,2011-06-24
"1174",174,60,0.833333333333333,2011-06-24
"1175",175,61,0.847222222222222,2011-06-24
"1176",176,63,0.875,2011-06-24
"1177",177,64,0.888888888888889,2011-06-24
"1178",178,66,0.916666666666667,2011-06-24
"1179",179,66,0.916666666666667,2011-06-24
"1180",180,67,0.930555555555556,2011-06-24
"1181",181,67,0.930555555555556,2011-06-24
"1182",182,67,0.930555555555556,2011-06-24
"1183",183,68,0.944444444444444,2011-06-24
"1184",184,68,0.944444444444444,2011-06-24
"1185",185,69,0.958333333333333,2011-06-24
"1186",186,71,0.986111111111111,2011-06-24
"1187",187,71,0.986111111111111,2011-06-24
"1188",188,74,1.02777777777778,2011-06-24
"1189",189,74,1.02777777777778,2011-06-24
"1190",190,74,1.02777777777778,2011-06-24
"1191",191,74,1.02777777777778,2011-06-24
"1192",192,75,1.04166666666667,2011-06-24
"1193",193,75,1.04166666666667,2011-06-24
"1194",194,76,1.05555555555556,2011-06-24
"1195",195,76,1.05555555555556,2011-06-24
"1196",196,78,1.08333333333333,2011-06-24
"1197",197,80,1.11111111111111,2011-06-24
"1198",198,80,1.11111111111111,2011-06-24
"1199",199,81,1.125,2011-06-24
"1200",200,81,1.125,2011-06-24
"1201",201,81,1.125,2011-06-24
"1202",202,83,1.15277777777778,2011-06-24
"1203",203,83,1.15277777777778,2011-06-24
"1204",204,84,1.16666666666667,2011-06-24
"1205",205,86,1.19444444444444,2011-06-24
"1206",206,86,1.19444444444444,2011-06-24
"1207",207,87,1.20833333333333,2011-06-24
"1208",208,87,1.20833333333333,2011-06-24
"1209",209,88,1.22222222222222,2011-06-24
"1210",210,89,1.23611111111111,2011-06-24
"1211",211,89,1.23611111111111,2011-06-24
"1212",212,89,1.23611111111111,2011-06-24
"1213",213,90,1.25,2011-06-24
"1214",214,91,1.26388888888889,2011-06-24
"1215",215,91,1.26388888888889,2011-06-24
"1216",216,92,1.27777777777778,2011-06-24
"1217",217,92,1.27777777777778,2011-06-24
"1218",218,92,1.27777777777778,2011-06-24
"1219",219,93,1.29166666666667,2011-06-24
"1220",220,95,1.31944444444444,2011-06-24
"1221",221,97,1.34722222222222,2011-06-24
"1222",222,97,1.34722222222222,2011-06-24
"1223",223,98,1.36111111111111,2011-06-24
"1224",224,98,1.36111111111111,2011-06-24
"1225",225,99,1.375,2011-06-24
"1226",226,100,1.38888888888889,2011-06-24
"1227",227,101,1.40277777777778,2011-06-24
"1228",228,102,1.41666666666667,2011-06-24
"1229",229,102,1.41666666666667,2011-06-24
"1230",230,102,1.41666666666667,2011-06-24
"1231",231,102,1.41666666666667,2011-06-24
"1232",232,104,1.44444444444444,2011-06-24
"1233",233,104,1.44444444444444,2011-06-24
"1234",234,104,1.44444444444444,2011-06-24
"1235",235,104,1.44444444444444,2011-06-24
"1236",236,104,1.44444444444444,2011-06-24
"1237",237,104,1.44444444444444,2011-06-24
"1238",238,104,1.44444444444444,2011-06-24
"1239",239,104,1.44444444444444,2011-06-24
"1240",240,104,1.44444444444444,2011-06-24
"1241",241,104,1.44444444444444,2011-06-24
"1242",242,104,1.44444444444444,2011-06-24
"1243",243,104,1.44444444444444,2011-06-24
"1244",244,104,1.44444444444444,2011-06-24
"1245",245,104,1.44444444444444,2011-06-24
"1246",246,104,1.44444444444444,2011-06-24
"1247",247,105,1.45833333333333,2011-06-24
"1248",248,105,1.45833333333333,2011-06-24
"1249",249,105,1.45833333333333,2011-06-24
"1250",250,105,1.45833333333333,2011-06-24
"1251",251,105,1.45833333333333,2011-06-24
"1252",252,107,1.48611111111111,2011-06-24
"1253",253,107,1.48611111111111,2011-06-24
"1254",254,107,1.48611111111111,2011-06-24
"1255",255,108,1.5,2011-06-24
"1256",256,108,1.5,2011-06-24
"1257",257,108,1.5,2011-06-24
"1258",258,108,1.5,2011-06-24
"1259",259,108,1.5,2011-06-24
"1260",260,108,1.5,2011-06-24
"1261",261,108,1.5,2011-06-24
"1262",262,108,1.5,2011-06-24
"1263",263,108,1.5,2011-06-24
"1264",264,108,1.5,2011-06-24
"1265",265,109,1.51388888888889,2011-06-24
"1266",266,109,1.51388888888889,2011-06-24
"1267",267,110,1.52777777777778,2011-06-24
"1268",268,110,1.52777777777778,2011-06-24
"1269",269,110,1.52777777777778,2011-06-24
"1270",270,110,1.52777777777778,2011-06-24
"1271",271,110,1.52777777777778,2011-06-24
"1272",272,110,1.52777777777778,2011-06-24
"1273",273,111,1.54166666666667,2011-06-24
"1274",274,111,1.54166666666667,2011-06-24
"1275",275,112,1.55555555555556,2011-06-24
"1276",276,112,1.55555555555556,2011-06-24
"1277",277,114,1.58333333333333,2011-06-24
"1278",278,114,1.58333333333333,2011-06-24
"1279",279,114,1.58333333333333,2011-06-24
"1280",280,114,1.58333333333333,2011-06-24
"1281",281,114,1.58333333333333,2011-06-24
"1282",282,114,1.58333333333333,2011-06-24
"1283",283,115,1.59722222222222,2011-06-24
"1284",284,115,1.59722222222222,2011-06-24
"1285",285,115,1.59722222222222,2011-06-24
"1286",286,115,1.59722222222222,2011-06-24
"1287",287,115,1.59722222222222,2011-06-24
"1288",288,115,1.59722222222222,2011-06-24
"1289",289,115,1.59722222222222,2011-06-24
"1290",290,115,1.59722222222222,2011-06-24
"1291",291,116,1.61111111111111,2011-06-24
"1292",292,116,1.61111111111111,2011-06-24
"1293",293,117,1.625,2011-06-24
"1294",294,117,1.625,2011-06-24
"1295",295,117,1.625,2011-06-24
"1296",296,117,1.625,2011-06-24
"1297",297,117,1.625,2011-06-24
"1298",298,117,1.625,2011-06-24
"1299",299,117,1.625,2011-06-24
"1300",300,117,1.625,2011-06-24
"1301",301,117,1.625,2011-06-24
"1302",302,117,1.625,2011-06-24
"1303",303,117,1.625,2011-06-24
"1304",304,117,1.625,2011-06-24
"1305",305,117,1.625,2011-06-24
"1306",306,117,1.625,2011-06-24
"1307",307,117,1.625,2011-06-24
"1308",308,117,1.625,2011-06-24
"1309",309,117,1.625,2011-06-24
"1310",310,118,1.63888888888889,2011-06-24
"1311",311,118,1.63888888888889,2011-06-24
"1312",312,118,1.63888888888889,2011-06-24
"1313",313,118,1.63888888888889,2011-06-24
"1314",314,118,1.63888888888889,2011-06-24
"1315",315,118,1.63888888888889,2011-06-24
"1316",316,118,1.63888888888889,2011-06-24
"1317",317,118,1.63888888888889,2011-06-24
"1318",318,118,1.63888888888889,2011-06-24
"1319",319,118,1.63888888888889,2011-06-24
"1320",320,119,1.65277777777778,2011-06-24
"1321",321,119,1.65277777777778,2011-06-24
"1322",322,120,1.66666666666667,2011-06-24
"1323",323,120,1.66666666666667,2011-06-24
"1324",324,121,1.68055555555556,2011-06-24
"1325",325,121,1.68055555555556,2011-06-24
"1326",326,121,1.68055555555556,2011-06-24
"1327",327,121,1.68055555555556,2011-06-24
"1328",328,122,1.69444444444444,2011-06-24
"1329",329,122,1.69444444444444,2011-06-24
"1330",330,122,1.69444444444444,2011-06-24
"1331",331,122,1.69444444444444,2011-06-24
"1332",332,122,1.69444444444444,2011-06-24
"1333",333,122,1.69444444444444,2011-06-24
"1334",334,122,1.69444444444444,2011-06-24
"1335",335,122,1.69444444444444,2011-06-24
"1336",336,122,1.69444444444444,2011-06-24
"1337",337,122,1.69444444444444,2011-06-24
"1338",338,122,1.69444444444444,2011-06-24
"1339",339,122,1.69444444444444,2011-06-24
"1340",340,122,1.69444444444444,2011-06-24
"1341",341,122,1.69444444444444,2011-06-24
"1342",342,122,1.69444444444444,2011-06-24
"1343",343,122,1.69444444444444,2011-06-24
"1344",344,122,1.69444444444444,2011-06-24
"1345",345,122,1.69444444444444,2011-06-24
"1346",346,122,1.69444444444444,2011-06-24
"1347",347,122,1.69444444444444,2011-06-24
"1348",348,123,1.70833333333333,2011-06-24
"1349",349,123,1.70833333333333,2011-06-24
"1350",350,123,1.70833333333333,2011-06-24
"1351",351,123,1.70833333333333,2011-06-24
"1352",352,123,1.70833333333333,2011-06-24
"1353",353,123,1.70833333333333,2011-06-24
"1354",354,123,1.70833333333333,2011-06-24
"1355",355,123,1.70833333333333,2011-06-24
"1356",356,124,1.72222222222222,2011-06-24
"1357",357,124,1.72222222222222,2011-06-24
"1358",358,124,1.72222222222222,2011-06-24
"1359",359,124,1.72222222222222,2011-06-24
"1360",360,124,1.72222222222222,2011-06-24
"1361",361,124,1.72222222222222,2011-06-24
"1362",362,124,1.72222222222222,2011-06-24
"1363",363,124,1.72222222222222,2011-06-24
"1364",364,124,1.72222222222222,2011-06-24
"1365",365,125,1.73611111111111,2011-06-24
"1366",366,125,1.73611111111111,2011-06-24
"1367",367,126,1.75,2011-06-24
"1368",368,126,1.75,2011-06-24
"1369",369,126,1.75,2011-06-24
"1370",370,127,1.76388888888889,2011-06-24
"1371",371,127,1.76388888888889,2011-06-24
"1372",372,127,1.76388888888889,2011-06-24
"1373",373,127,1.76388888888889,2011-06-24
"1374",374,127,1.76388888888889,2011-06-24
"1375",375,127,1.76388888888889,2011-06-24
"1376",376,127,1.76388888888889,2011-06-24
"1377",377,127,1.76388888888889,2011-06-24
"1378",378,127,1.76388888888889,2011-06-24
"1379",379,127,1.76388888888889,2011-06-24
"1380",380,127,1.76388888888889,2011-06-24
"1381",381,127,1.76388888888889,2011-06-24
"1382",382,127,1.76388888888889,2011-06-24
"1383",383,127,1.76388888888889,2011-06-24
"1384",384,127,1.76388888888889,2011-06-24
"1385",385,127,1.76388888888889,2011-06-24
"1386",386,127,1.76388888888889,2011-06-24
"1387",387,127,1.76388888888889,2011-06-24
"1388",388,127,1.76388888888889,2011-06-24
"1389",389,128,1.77777777777778,2011-06-24
"1390",390,128,1.77777777777778,2011-06-24
"1391",391,128,1.77777777777778,2011-06-24
"1392",392,128,1.77777777777778,2011-06-24
"1393",393,128,1.77777777777778,2011-06-24
"1394",394,128,1.77777777777778,2011-06-24
"1395",395,128,1.77777777777778,2011-06-24
"1396",396,128,1.77777777777778,2011-06-24
"1397",397,128,1.77777777777778,2011-06-24
"1398",398,130,1.80555555555556,2011-06-24
"1399",399,130,1.80555555555556,2011-06-24
"1400",400,130,1.80555555555556,2011-06-24
"1401",401,130,1.80555555555556,2011-06-24
"1402",402,130,1.80555555555556,2011-06-24
"1403",403,130,1.80555555555556,2011-06-24
"1404",404,130,1.80555555555556,2011-06-24
"1405",405,130,1.80555555555556,2011-06-24
"1406",406,130,1.80555555555556,2011-06-24
"1407",407,130,1.80555555555556,2011-06-24
"1408",408,130,1.80555555555556,2011-06-24
"1409",409,130,1.80555555555556,2011-06-24
"1410",410,130,1.80555555555556,2011-06-24
"1411",411,130,1.80555555555556,2011-06-24
"1412",412,130,1.80555555555556,2011-06-24
"1413",413,130,1.80555555555556,2011-06-24
"1414",414,130,1.80555555555556,2011-06-24
"1415",415,132,1.83333333333333,2011-06-24
"1416",416,132,1.83333333333333,2011-06-24
"1417",417,132,1.83333333333333,2011-06-24
"1418",418,132,1.83333333333333,2011-06-24
"1419",419,132,1.83333333333333,2011-06-24
"1420",420,133,1.84722222222222,2011-06-24
"1421",421,133,1.84722222222222,2011-06-24
"1422",422,133,1.84722222222222,2011-06-24
"1423",423,133,1.84722222222222,2011-06-24
"1424",424,133,1.84722222222222,2011-06-24
"1425",425,133,1.84722222222222,2011-06-24
"1426",426,133,1.84722222222222,2011-06-24
"1427",427,133,1.84722222222222,2011-06-24
"1428",428,133,1.84722222222222,2011-06-24
"1429",429,133,1.84722222222222,2011-06-24
"1430",430,133,1.84722222222222,2011-06-24
"1431",431,133,1.84722222222222,2011-06-24
"1432",432,133,1.84722222222222,2011-06-24
"1433",433,136,1.88888888888889,2011-06-24
"1434",434,136,1.88888888888889,2011-06-24
"1435",435,136,1.88888888888889,2011-06-24
"1436",436,136,1.88888888888889,2011-06-24
"1437",437,136,1.88888888888889,2011-06-24
"1438",438,136,1.88888888888889,2011-06-24
"1439",439,136,1.88888888888889,2011-06-24
"1440",440,136,1.88888888888889,2011-06-24
"1441",441,136,1.88888888888889,2011-06-24
"1442",442,136,1.88888888888889,2011-06-24
"1443",443,136,1.88888888888889,2011-06-24
"1444",444,136,1.88888888888889,2011-06-24
"1445",445,136,1.88888888888889,2011-06-24
"1446",446,136,1.88888888888889,2011-06-24
"1447",447,136,1.88888888888889,2011-06-24
"1448",448,136,1.88888888888889,2011-06-24
"1449",449,136,1.88888888888889,2011-06-24
"1450",450,136,1.88888888888889,2011-06-24
"1451",451,136,1.88888888888889,2011-06-24
"1452",452,136,1.88888888888889,2011-06-24
"1453",453,136,1.88888888888889,2011-06-24
"1454",454,136,1.88888888888889,2011-06-24
"1455",455,136,1.88888888888889,2011-06-24
"1456",456,136,1.88888888888889,2011-06-24
"1457",457,136,1.88888888888889,2011-06-24
"1458",458,136,1.88888888888889,2011-06-24
"1459",459,136,1.88888888888889,2011-06-24
"1460",460,136,1.88888888888889,2011-06-24
"1461",461,136,1.88888888888889,2011-06-24
"1462",462,136,1.88888888888889,2011-06-24
"1463",463,136,1.88888888888889,2011-06-24
"1464",464,136,1.88888888888889,2011-06-24
"1465",465,136,1.88888888888889,2011-06-24
"1466",466,136,1.88888888888889,2011-06-24
"1467",467,136,1.88888888888889,2011-06-24
"1468",468,136,1.88888888888889,2011-06-24
"1469",469,136,1.88888888888889,2011-06-24
"1470",470,136,1.88888888888889,2011-06-24
"1471",471,136,1.88888888888889,2011-06-24
"1472",472,136,1.88888888888889,2011-06-24
"1473",473,136,1.88888888888889,2011-06-24
"1474",474,136,1.88888888888889,2011-06-24
"1475",475,136,1.88888888888889,2011-06-24
"1476",476,136,1.88888888888889,2011-06-24
"1477",477,136,1.88888888888889,2011-06-24
"1478",478,136,1.88888888888889,2011-06-24
"1479",479,136,1.88888888888889,2011-06-24
"1480",480,136,1.88888888888889,2011-06-24
"1481",481,136,1.88888888888889,2011-06-24
"1482",482,136,1.88888888888889,2011-06-24
"1483",483,136,1.88888888888889,2011-06-24
"1484",484,136,1.88888888888889,2011-06-24
"1485",485,136,1.88888888888889,2011-06-24
"1486",486,136,1.88888888888889,2011-06-24
"1487",487,136,1.88888888888889,2011-06-24
"1488",488,136,1.88888888888889,2011-06-24
"1489",489,136,1.88888888888889,2011-06-24
"1490",490,136,1.88888888888889,2011-06-24
"1491",491,136,1.88888888888889,2011-06-24
"1492",492,136,1.88888888888889,2011-06-24
"1493",493,136,1.88888888888889,2011-06-24
"1494",494,136,1.88888888888889,2011-06-24
"1495",495,136,1.88888888888889,2011-06-24
"1496",496,136,1.88888888888889,2011-06-24
"1497",497,136,1.88888888888889,2011-06-24
"1498",498,136,1.88888888888889,2011-06-24
"1499",499,136,1.88888888888889,2011-06-24
"1500",500,136,1.88888888888889,2011-06-24
"1501",1,0,0,2011-06-25
"1502",2,0,0,2011-06-25
"1503",3,0,0,2011-06-25
"1504",4,0,0,2011-06-25
"1505",5,0,0,2011-06-25
"1506",6,0,0,2011-06-25
"1507",7,0,0,2011-06-25
"1508",8,0,0,2011-06-25
"1509",9,0,0,2011-06-25
"1510",10,0,0,2011-06-25
"1511",11,0,0,2011-06-25
"1512",12,0,0,2011-06-25
"1513",13,0,0,2011-06-25
"1514",14,0,0,2011-06-25
"1515",15,0,0,2011-06-25
"1516",16,0,0,2011-06-25
"1517",17,0,0,2011-06-25
"1518",18,0,0,2011-06-25
"1519",19,0,0,2011-06-25
"1520",20,1,0.0138888888888889,2011-06-25
"1521",21,1,0.0138888888888889,2011-06-25
"1522",22,1,0.0138888888888889,2011-06-25
"1523",23,1,0.0138888888888889,2011-06-25
"1524",24,1,0.0138888888888889,2011-06-25
"1525",25,1,0.0138888888888889,2011-06-25
"1526",26,1,0.0138888888888889,2011-06-25
"1527",27,1,0.0138888888888889,2011-06-25
"1528",28,1,0.0138888888888889,2011-06-25
"1529",29,2,0.0277777777777778,2011-06-25
"1530",30,2,0.0277777777777778,2011-06-25
"1531",31,2,0.0277777777777778,2011-06-25
"1532",32,2,0.0277777777777778,2011-06-25
"1533",33,2,0.0277777777777778,2011-06-25
"1534",34,2,0.0277777777777778,2011-06-25
"1535",35,3,0.0416666666666667,2011-06-25
"1536",36,4,0.0555555555555556,2011-06-25
"1537",37,4,0.0555555555555556,2011-06-25
"1538",38,4,0.0555555555555556,2011-06-25
"1539",39,4,0.0555555555555556,2011-06-25
"1540",40,4,0.0555555555555556,2011-06-25
"1541",41,5,0.0694444444444444,2011-06-25
"1542",42,5,0.0694444444444444,2011-06-25
"1543",43,6,0.0833333333333333,2011-06-25
"1544",44,6,0.0833333333333333,2011-06-25
"1545",45,7,0.0972222222222222,2011-06-25
"1546",46,7,0.0972222222222222,2011-06-25
"1547",47,7,0.0972222222222222,2011-06-25
"1548",48,7,0.0972222222222222,2011-06-25
"1549",49,9,0.125,2011-06-25
"1550",50,9,0.125,2011-06-25
"1551",51,11,0.152777777777778,2011-06-25
"1552",52,12,0.166666666666667,2011-06-25
"1553",53,13,0.180555555555556,2011-06-25
"1554",54,15,0.208333333333333,2011-06-25
"1555",55,17,0.236111111111111,2011-06-25
"1556",56,17,0.236111111111111,2011-06-25
"1557",57,18,0.25,2011-06-25
"1558",58,19,0.263888888888889,2011-06-25
"1559",59,20,0.277777777777778,2011-06-25
"1560",60,22,0.305555555555556,2011-06-25
"1561",61,23,0.319444444444444,2011-06-25
"1562",62,26,0.361111111111111,2011-06-25
"1563",63,29,0.402777777777778,2011-06-25
"1564",64,29,0.402777777777778,2011-06-25
"1565",65,31,0.430555555555556,2011-06-25
"1566",66,31,0.430555555555556,2011-06-25
"1567",67,31,0.430555555555556,2011-06-25
"1568",68,34,0.472222222222222,2011-06-25
"1569",69,35,0.486111111111111,2011-06-25
"1570",70,35,0.486111111111111,2011-06-25
"1571",71,35,0.486111111111111,2011-06-25
"1572",72,35,0.486111111111111,2011-06-25
"1573",73,37,0.513888888888889,2011-06-25
"1574",74,38,0.527777777777778,2011-06-25
"1575",75,40,0.555555555555556,2011-06-25
"1576",76,40,0.555555555555556,2011-06-25
"1577",77,44,0.611111111111111,2011-06-25
"1578",78,47,0.652777777777778,2011-06-25
"1579",79,47,0.652777777777778,2011-06-25
"1580",80,48,0.666666666666667,2011-06-25
"1581",81,49,0.680555555555556,2011-06-25
"1582",82,49,0.680555555555556,2011-06-25
"1583",83,49,0.680555555555556,2011-06-25
"1584",84,54,0.75,2011-06-25
"1585",85,55,0.763888888888889,2011-06-25
"1586",86,57,0.791666666666667,2011-06-25
"1587",87,60,0.833333333333333,2011-06-25
"1588",88,60,0.833333333333333,2011-06-25
"1589",89,61,0.847222222222222,2011-06-25
"1590",90,64,0.888888888888889,2011-06-25
"1591",91,64,0.888888888888889,2011-06-25
"1592",92,67,0.930555555555556,2011-06-25
"1593",93,68,0.944444444444444,2011-06-25
"1594",94,69,0.958333333333333,2011-06-25
"1595",95,69,0.958333333333333,2011-06-25
"1596",96,72,1,2011-06-25
"1597",97,74,1.02777777777778,2011-06-25
"1598",98,74,1.02777777777778,2011-06-25
"1599",99,75,1.04166666666667,2011-06-25
"1600",100,76,1.05555555555556,2011-06-25
"1601",101,80,1.11111111111111,2011-06-25
"1602",102,82,1.13888888888889,2011-06-25
"1603",103,83,1.15277777777778,2011-06-25
"1604",104,85,1.18055555555556,2011-06-25
"1605",105,86,1.19444444444444,2011-06-25
"1606",106,86,1.19444444444444,2011-06-25
"1607",107,88,1.22222222222222,2011-06-25
"1608",108,93,1.29166666666667,2011-06-25
"1609",109,93,1.29166666666667,2011-06-25
"1610",110,93,1.29166666666667,2011-06-25
"1611",111,94,1.30555555555556,2011-06-25
"1612",112,94,1.30555555555556,2011-06-25
"1613",113,95,1.31944444444444,2011-06-25
"1614",114,101,1.40277777777778,2011-06-25
"1615",115,101,1.40277777777778,2011-06-25
"1616",116,102,1.41666666666667,2011-06-25
"1617",117,106,1.47222222222222,2011-06-25
"1618",118,106,1.47222222222222,2011-06-25
"1619",119,107,1.48611111111111,2011-06-25
"1620",120,112,1.55555555555556,2011-06-25
"1621",121,113,1.56944444444444,2011-06-25
"1622",122,114,1.58333333333333,2011-06-25
"1623",123,114,1.58333333333333,2011-06-25
"1624",124,115,1.59722222222222,2011-06-25
"1625",125,116,1.61111111111111,2011-06-25
"1626",126,116,1.61111111111111,2011-06-25
"1627",127,118,1.63888888888889,2011-06-25
"1628",128,118,1.63888888888889,2011-06-25
"1629",129,119,1.65277777777778,2011-06-25
"1630",130,120,1.66666666666667,2011-06-25
"1631",131,120,1.66666666666667,2011-06-25
"1632",132,121,1.68055555555556,2011-06-25
"1633",133,121,1.68055555555556,2011-06-25
"1634",134,121,1.68055555555556,2011-06-25
"1635",135,121,1.68055555555556,2011-06-25
"1636",136,123,1.70833333333333,2011-06-25
"1637",137,124,1.72222222222222,2011-06-25
"1638",138,124,1.72222222222222,2011-06-25
"1639",139,126,1.75,2011-06-25
"1640",140,126,1.75,2011-06-25
"1641",141,126,1.75,2011-06-25
"1642",142,126,1.75,2011-06-25
"1643",143,127,1.76388888888889,2011-06-25
"1644",144,127,1.76388888888889,2011-06-25
"1645",145,128,1.77777777777778,2011-06-25
"1646",146,128,1.77777777777778,2011-06-25
"1647",147,128,1.77777777777778,2011-06-25
"1648",148,129,1.79166666666667,2011-06-25
"1649",149,129,1.79166666666667,2011-06-25
"1650",150,130,1.80555555555556,2011-06-25
"1651",151,134,1.86111111111111,2011-06-25
"1652",152,134,1.86111111111111,2011-06-25
"1653",153,134,1.86111111111111,2011-06-25
"1654",154,135,1.875,2011-06-25
"1655",155,135,1.875,2011-06-25
"1656",156,135,1.875,2011-06-25
"1657",157,135,1.875,2011-06-25
"1658",158,137,1.90277777777778,2011-06-25
"1659",159,141,1.95833333333333,2011-06-25
"1660",160,141,1.95833333333333,2011-06-25
"1661",161,141,1.95833333333333,2011-06-25
"1662",162,142,1.97222222222222,2011-06-25
"1663",163,142,1.97222222222222,2011-06-25
"1664",164,144,2,2011-06-25
"1665",165,146,2.02777777777778,2011-06-25
"1666",166,146,2.02777777777778,2011-06-25
"1667",167,148,2.05555555555556,2011-06-25
"1668",168,148,2.05555555555556,2011-06-25
"1669",169,149,2.06944444444444,2011-06-25
"1670",170,149,2.06944444444444,2011-06-25
"1671",171,149,2.06944444444444,2011-06-25
"1672",172,149,2.06944444444444,2011-06-25
"1673",173,149,2.06944444444444,2011-06-25
"1674",174,149,2.06944444444444,2011-06-25
"1675",175,149,2.06944444444444,2011-06-25
"1676",176,150,2.08333333333333,2011-06-25
"1677",177,151,2.09722222222222,2011-06-25
"1678",178,151,2.09722222222222,2011-06-25
"1679",179,151,2.09722222222222,2011-06-25
"1680",180,151,2.09722222222222,2011-06-25
"1681",181,151,2.09722222222222,2011-06-25
"1682",182,151,2.09722222222222,2011-06-25
"1683",183,153,2.125,2011-06-25
"1684",184,153,2.125,2011-06-25
"1685",185,153,2.125,2011-06-25
"1686",186,153,2.125,2011-06-25
"1687",187,153,2.125,2011-06-25
"1688",188,153,2.125,2011-06-25
"1689",189,153,2.125,2011-06-25
"1690",190,153,2.125,2011-06-25
"1691",191,154,2.13888888888889,2011-06-25
"1692",192,154,2.13888888888889,2011-06-25
"1693",193,156,2.16666666666667,2011-06-25
"1694",194,158,2.19444444444444,2011-06-25
"1695",195,160,2.22222222222222,2011-06-25
"1696",196,160,2.22222222222222,2011-06-25
"1697",197,160,2.22222222222222,2011-06-25
"1698",198,160,2.22222222222222,2011-06-25
"1699",199,160,2.22222222222222,2011-06-25
"1700",200,160,2.22222222222222,2011-06-25
"1701",201,160,2.22222222222222,2011-06-25
"1702",202,161,2.23611111111111,2011-06-25
"1703",203,161,2.23611111111111,2011-06-25
"1704",204,161,2.23611111111111,2011-06-25
"1705",205,162,2.25,2011-06-25
"1706",206,162,2.25,2011-06-25
"1707",207,162,2.25,2011-06-25
"1708",208,162,2.25,2011-06-25
"1709",209,162,2.25,2011-06-25
"1710",210,162,2.25,2011-06-25
"1711",211,162,2.25,2011-06-25
"1712",212,162,2.25,2011-06-25
"1713",213,162,2.25,2011-06-25
"1714",214,162,2.25,2011-06-25
"1715",215,162,2.25,2011-06-25
"1716",216,163,2.26388888888889,2011-06-25
"1717",217,164,2.27777777777778,2011-06-25
"1718",218,164,2.27777777777778,2011-06-25
"1719",219,164,2.27777777777778,2011-06-25
"1720",220,164,2.27777777777778,2011-06-25
"1721",221,164,2.27777777777778,2011-06-25
"1722",222,164,2.27777777777778,2011-06-25
"1723",223,164,2.27777777777778,2011-06-25
"1724",224,164,2.27777777777778,2011-06-25
"1725",225,164,2.27777777777778,2011-06-25
"1726",226,164,2.27777777777778,2011-06-25
"1727",227,164,2.27777777777778,2011-06-25
"1728",228,164,2.27777777777778,2011-06-25
"1729",229,164,2.27777777777778,2011-06-25
"1730",230,164,2.27777777777778,2011-06-25
"1731",231,167,2.31944444444444,2011-06-25
"1732",232,167,2.31944444444444,2011-06-25
"1733",233,167,2.31944444444444,2011-06-25
"1734",234,167,2.31944444444444,2011-06-25
"1735",235,167,2.31944444444444,2011-06-25
"1736",236,167,2.31944444444444,2011-06-25
"1737",237,169,2.34722222222222,2011-06-25
"1738",238,169,2.34722222222222,2011-06-25
"1739",239,169,2.34722222222222,2011-06-25
"1740",240,169,2.34722222222222,2011-06-25
"1741",241,171,2.375,2011-06-25
"1742",242,171,2.375,2011-06-25
"1743",243,172,2.38888888888889,2011-06-25
"1744",244,172,2.38888888888889,2011-06-25
"1745",245,172,2.38888888888889,2011-06-25
"1746",246,172,2.38888888888889,2011-06-25
"1747",247,172,2.38888888888889,2011-06-25
"1748",248,172,2.38888888888889,2011-06-25
"1749",249,172,2.38888888888889,2011-06-25
"1750",250,172,2.38888888888889,2011-06-25
"1751",251,172,2.38888888888889,2011-06-25
"1752",252,174,2.41666666666667,2011-06-25
"1753",253,174,2.41666666666667,2011-06-25
"1754",254,174,2.41666666666667,2011-06-25
"1755",255,174,2.41666666666667,2011-06-25
"1756",256,175,2.43055555555556,2011-06-25
"1757",257,175,2.43055555555556,2011-06-25
"1758",258,175,2.43055555555556,2011-06-25
"1759",259,175,2.43055555555556,2011-06-25
"1760",260,175,2.43055555555556,2011-06-25
"1761",261,176,2.44444444444444,2011-06-25
"1762",262,176,2.44444444444444,2011-06-25
"1763",263,176,2.44444444444444,2011-06-25
"1764",264,176,2.44444444444444,2011-06-25
"1765",265,176,2.44444444444444,2011-06-25
"1766",266,176,2.44444444444444,2011-06-25
"1767",267,176,2.44444444444444,2011-06-25
"1768",268,176,2.44444444444444,2011-06-25
"1769",269,177,2.45833333333333,2011-06-25
"1770",270,179,2.48611111111111,2011-06-25
"1771",271,179,2.48611111111111,2011-06-25
"1772",272,179,2.48611111111111,2011-06-25
"1773",273,179,2.48611111111111,2011-06-25
"1774",274,181,2.51388888888889,2011-06-25
"1775",275,181,2.51388888888889,2011-06-25
"1776",276,181,2.51388888888889,2011-06-25
"1777",277,181,2.51388888888889,2011-06-25
"1778",278,181,2.51388888888889,2011-06-25
"1779",279,181,2.51388888888889,2011-06-25
"1780",280,181,2.51388888888889,2011-06-25
"1781",281,181,2.51388888888889,2011-06-25
"1782",282,183,2.54166666666667,2011-06-25
"1783",283,183,2.54166666666667,2011-06-25
"1784",284,183,2.54166666666667,2011-06-25
"1785",285,183,2.54166666666667,2011-06-25
"1786",286,183,2.54166666666667,2011-06-25
"1787",287,183,2.54166666666667,2011-06-25
"1788",288,183,2.54166666666667,2011-06-25
"1789",289,183,2.54166666666667,2011-06-25
"1790",290,183,2.54166666666667,2011-06-25
"1791",291,183,2.54166666666667,2011-06-25
"1792",292,183,2.54166666666667,2011-06-25
"1793",293,185,2.56944444444444,2011-06-25
"1794",294,187,2.59722222222222,2011-06-25
"1795",295,187,2.59722222222222,2011-06-25
"1796",296,187,2.59722222222222,2011-06-25
"1797",297,187,2.59722222222222,2011-06-25
"1798",298,187,2.59722222222222,2011-06-25
"1799",299,187,2.59722222222222,2011-06-25
"1800",300,187,2.59722222222222,2011-06-25
"1801",301,187,2.59722222222222,2011-06-25
"1802",302,187,2.59722222222222,2011-06-25
"1803",303,187,2.59722222222222,2011-06-25
"1804",304,187,2.59722222222222,2011-06-25
"1805",305,187,2.59722222222222,2011-06-25
"1806",306,187,2.59722222222222,2011-06-25
"1807",307,187,2.59722222222222,2011-06-25
"1808",308,187,2.59722222222222,2011-06-25
"1809",309,187,2.59722222222222,2011-06-25
"1810",310,187,2.59722222222222,2011-06-25
"1811",311,187,2.59722222222222,2011-06-25
"1812",312,187,2.59722222222222,2011-06-25
"1813",313,187,2.59722222222222,2011-06-25
"1814",314,187,2.59722222222222,2011-06-25
"1815",315,187,2.59722222222222,2011-06-25
"1816",316,187,2.59722222222222,2011-06-25
"1817",317,187,2.59722222222222,2011-06-25
"1818",318,187,2.59722222222222,2011-06-25
"1819",319,187,2.59722222222222,2011-06-25
"1820",320,187,2.59722222222222,2011-06-25
"1821",321,187,2.59722222222222,2011-06-25
"1822",322,187,2.59722222222222,2011-06-25
"1823",323,187,2.59722222222222,2011-06-25
"1824",324,187,2.59722222222222,2011-06-25
"1825",325,187,2.59722222222222,2011-06-25
"1826",326,188,2.61111111111111,2011-06-25
"1827",327,189,2.625,2011-06-25
"1828",328,189,2.625,2011-06-25
"1829",329,189,2.625,2011-06-25
"1830",330,189,2.625,2011-06-25
"1831",331,189,2.625,2011-06-25
"1832",332,189,2.625,2011-06-25
"1833",333,191,2.65277777777778,2011-06-25
"1834",334,191,2.65277777777778,2011-06-25
"1835",335,191,2.65277777777778,2011-06-25
"1836",336,191,2.65277777777778,2011-06-25
"1837",337,191,2.65277777777778,2011-06-25
"1838",338,191,2.65277777777778,2011-06-25
"1839",339,191,2.65277777777778,2011-06-25
"1840",340,191,2.65277777777778,2011-06-25
"1841",341,191,2.65277777777778,2011-06-25
"1842",342,192,2.66666666666667,2011-06-25
"1843",343,192,2.66666666666667,2011-06-25
"1844",344,192,2.66666666666667,2011-06-25
"1845",345,192,2.66666666666667,2011-06-25
"1846",346,192,2.66666666666667,2011-06-25
"1847",347,192,2.66666666666667,2011-06-25
"1848",348,192,2.66666666666667,2011-06-25
"1849",349,192,2.66666666666667,2011-06-25
"1850",350,192,2.66666666666667,2011-06-25
"1851",351,192,2.66666666666667,2011-06-25
"1852",352,192,2.66666666666667,2011-06-25
"1853",353,192,2.66666666666667,2011-06-25
"1854",354,192,2.66666666666667,2011-06-25
"1855",355,192,2.66666666666667,2011-06-25
"1856",356,192,2.66666666666667,2011-06-25
"1857",357,192,2.66666666666667,2011-06-25
"1858",358,192,2.66666666666667,2011-06-25
"1859",359,192,2.66666666666667,2011-06-25
"1860",360,192,2.66666666666667,2011-06-25
"1861",361,193,2.68055555555556,2011-06-25
"1862",362,193,2.68055555555556,2011-06-25
"1863",363,193,2.68055555555556,2011-06-25
"1864",364,193,2.68055555555556,2011-06-25
"1865",365,195,2.70833333333333,2011-06-25
"1866",366,195,2.70833333333333,2011-06-25
"1867",367,195,2.70833333333333,2011-06-25
"1868",368,195,2.70833333333333,2011-06-25
"1869",369,195,2.70833333333333,2011-06-25
"1870",370,195,2.70833333333333,2011-06-25
"1871",371,195,2.70833333333333,2011-06-25
"1872",372,195,2.70833333333333,2011-06-25
"1873",373,195,2.70833333333333,2011-06-25
"1874",374,196,2.72222222222222,2011-06-25
"1875",375,196,2.72222222222222,2011-06-25
"1876",376,196,2.72222222222222,2011-06-25
"1877",377,196,2.72222222222222,2011-06-25
"1878",378,196,2.72222222222222,2011-06-25
"1879",379,196,2.72222222222222,2011-06-25
"1880",380,196,2.72222222222222,2011-06-25
"1881",381,196,2.72222222222222,2011-06-25
"1882",382,196,2.72222222222222,2011-06-25
"1883",383,196,2.72222222222222,2011-06-25
"1884",384,196,2.72222222222222,2011-06-25
"1885",385,196,2.72222222222222,2011-06-25
"1886",386,196,2.72222222222222,2011-06-25
"1887",387,196,2.72222222222222,2011-06-25
"1888",388,196,2.72222222222222,2011-06-25
"1889",389,196,2.72222222222222,2011-06-25
"1890",390,196,2.72222222222222,2011-06-25
"1891",391,196,2.72222222222222,2011-06-25
"1892",392,196,2.72222222222222,2011-06-25
"1893",393,196,2.72222222222222,2011-06-25
"1894",394,196,2.72222222222222,2011-06-25
"1895",395,196,2.72222222222222,2011-06-25
"1896",396,196,2.72222222222222,2011-06-25
"1897",397,196,2.72222222222222,2011-06-25
"1898",398,196,2.72222222222222,2011-06-25
"1899",399,197,2.73611111111111,2011-06-25
"1900",400,197,2.73611111111111,2011-06-25
"1901",401,197,2.73611111111111,2011-06-25
"1902",402,197,2.73611111111111,2011-06-25
"1903",403,197,2.73611111111111,2011-06-25
"1904",404,197,2.73611111111111,2011-06-25
"1905",405,197,2.73611111111111,2011-06-25
"1906",406,197,2.73611111111111,2011-06-25
"1907",407,197,2.73611111111111,2011-06-25
"1908",408,197,2.73611111111111,2011-06-25
"1909",409,197,2.73611111111111,2011-06-25
"1910",410,197,2.73611111111111,2011-06-25
"1911",411,197,2.73611111111111,2011-06-25
"1912",412,197,2.73611111111111,2011-06-25
"1913",413,197,2.73611111111111,2011-06-25
"1914",414,197,2.73611111111111,2011-06-25
"1915",415,197,2.73611111111111,2011-06-25
"1916",416,197,2.73611111111111,2011-06-25
"1917",417,197,2.73611111111111,2011-06-25
"1918",418,197,2.73611111111111,2011-06-25
"1919",419,197,2.73611111111111,2011-06-25
"1920",420,197,2.73611111111111,2011-06-25
"1921",421,197,2.73611111111111,2011-06-25
"1922",422,197,2.73611111111111,2011-06-25
"1923",423,197,2.73611111111111,2011-06-25
"1924",424,197,2.73611111111111,2011-06-25
"1925",425,198,2.75,2011-06-25
"1926",426,198,2.75,2011-06-25
"1927",427,198,2.75,2011-06-25
"1928",428,198,2.75,2011-06-25
"1929",429,198,2.75,2011-06-25
"1930",430,198,2.75,2011-06-25
"1931",431,198,2.75,2011-06-25
"1932",432,198,2.75,2011-06-25
"1933",433,198,2.75,2011-06-25
"1934",434,198,2.75,2011-06-25
"1935",435,198,2.75,2011-06-25
"1936",436,198,2.75,2011-06-25
"1937",437,198,2.75,2011-06-25
"1938",438,198,2.75,2011-06-25
"1939",439,198,2.75,2011-06-25
"1940",440,198,2.75,2011-06-25
"1941",441,198,2.75,2011-06-25
"1942",442,200,2.77777777777778,2011-06-25
"1943",443,200,2.77777777777778,2011-06-25
"1944",444,200,2.77777777777778,2011-06-25
"1945",445,200,2.77777777777778,2011-06-25
"1946",446,200,2.77777777777778,2011-06-25
"1947",447,200,2.77777777777778,2011-06-25
"1948",448,200,2.77777777777778,2011-06-25
"1949",449,200,2.77777777777778,2011-06-25
"1950",450,200,2.77777777777778,2011-06-25
"1951",451,200,2.77777777777778,2011-06-25
"1952",452,200,2.77777777777778,2011-06-25
"1953",453,200,2.77777777777778,2011-06-25
"1954",454,200,2.77777777777778,2011-06-25
"1955",455,200,2.77777777777778,2011-06-25
"1956",456,200,2.77777777777778,2011-06-25
"1957",457,200,2.77777777777778,2011-06-25
"1958",458,200,2.77777777777778,2011-06-25
"1959",459,200,2.77777777777778,2011-06-25
"1960",460,200,2.77777777777778,2011-06-25
"1961",461,200,2.77777777777778,2011-06-25
"1962",462,200,2.77777777777778,2011-06-25
"1963",463,200,2.77777777777778,2011-06-25
"1964",464,200,2.77777777777778,2011-06-25
"1965",465,200,2.77777777777778,2011-06-25
"1966",466,200,2.77777777777778,2011-06-25
"1967",467,200,2.77777777777778,2011-06-25
"1968",468,200,2.77777777777778,2011-06-25
"1969",469,200,2.77777777777778,2011-06-25
"1970",470,200,2.77777777777778,2011-06-25
"1971",471,200,2.77777777777778,2011-06-25
"1972",472,200,2.77777777777778,2011-06-25
"1973",473,200,2.77777777777778,2011-06-25
"1974",474,202,2.80555555555556,2011-06-25
"1975",475,202,2.80555555555556,2011-06-25
"1976",476,202,2.80555555555556,2011-06-25
"1977",477,202,2.80555555555556,2011-06-25
"1978",478,202,2.80555555555556,2011-06-25
"1979",479,202,2.80555555555556,2011-06-25
"1980",480,202,2.80555555555556,2011-06-25
"1981",481,202,2.80555555555556,2011-06-25
"1982",482,202,2.80555555555556,2011-06-25
"1983",483,202,2.80555555555556,2011-06-25
"1984",484,202,2.80555555555556,2011-06-25
"1985",485,202,2.80555555555556,2011-06-25
"1986",486,202,2.80555555555556,2011-06-25
"1987",487,202,2.80555555555556,2011-06-25
"1988",488,202,2.80555555555556,2011-06-25
"1989",489,202,2.80555555555556,2011-06-25
"1990",490,202,2.80555555555556,2011-06-25
"1991",491,202,2.80555555555556,2011-06-25
"1992",492,202,2.80555555555556,2011-06-25
"1993",493,202,2.80555555555556,2011-06-25
"1994",494,202,2.80555555555556,2011-06-25
"1995",495,202,2.80555555555556,2011-06-25
"1996",496,202,2.80555555555556,2011-06-25
"1997",497,202,2.80555555555556,2011-06-25
"1998",498,202,2.80555555555556,2011-06-25
"1999",499,202,2.80555555555556,2011-06-25
"2000",500,202,2.80555555555556,2011-06-25
"2001",1,0,0,2011-06-26
"2002",2,0,0,2011-06-26
"2003",3,0,0,2011-06-26
"2004",4,0,0,2011-06-26
"2005",5,0,0,2011-06-26
"2006",6,0,0,2011-06-26
"2007",7,0,0,2011-06-26
"2008",8,0,0,2011-06-26
"2009",9,0,0,2011-06-26
"2010",10,0,0,2011-06-26
"2011",11,0,0,2011-06-26
"2012",12,0,0,2011-06-26
"2013",13,0,0,2011-06-26
"2014",14,0,0,2011-06-26
"2015",15,0,0,2011-06-26
"2016",16,0,0,2011-06-26
"2017",17,0,0,2011-06-26
"2018",18,0,0,2011-06-26
"2019",19,0,0,2011-06-26
"2020",20,0,0,2011-06-26
"2021",21,1,0.0138888888888889,2011-06-26
"2022",22,1,0.0138888888888889,2011-06-26
"2023",23,4,0.0555555555555556,2011-06-26
"2024",24,4,0.0555555555555556,2011-06-26
"2025",25,6,0.0833333333333333,2011-06-26
"2026",26,7,0.0972222222222222,2011-06-26
"2027",27,10,0.138888888888889,2011-06-26
"2028",28,13,0.180555555555556,2011-06-26
"2029",29,16,0.222222222222222,2011-06-26
"2030",30,21,0.291666666666667,2011-06-26
"2031",31,23,0.319444444444444,2011-06-26
"2032",32,25,0.347222222222222,2011-06-26
"2033",33,29,0.402777777777778,2011-06-26
"2034",34,34,0.472222222222222,2011-06-26
"2035",35,39,0.541666666666667,2011-06-26
"2036",36,41,0.569444444444444,2011-06-26
"2037",37,49,0.680555555555556,2011-06-26
"2038",38,55,0.763888888888889,2011-06-26
"2039",39,64,0.888888888888889,2011-06-26
"2040",40,67,0.930555555555556,2011-06-26
"2041",41,77,1.06944444444444,2011-06-26
"2042",42,85,1.18055555555556,2011-06-26
"2043",43,89,1.23611111111111,2011-06-26
"2044",44,93,1.29166666666667,2011-06-26
"2045",45,103,1.43055555555556,2011-06-26
"2046",46,113,1.56944444444444,2011-06-26
"2047",47,122,1.69444444444444,2011-06-26
"2048",48,139,1.93055555555556,2011-06-26
"2049",49,145,2.01388888888889,2011-06-26
"2050",50,156,2.16666666666667,2011-06-26
"2051",51,159,2.20833333333333,2011-06-26
"2052",52,170,2.36111111111111,2011-06-26
"2053",53,181,2.51388888888889,2011-06-26
"2054",54,191,2.65277777777778,2011-06-26
"2055",55,202,2.80555555555556,2011-06-26
"2056",56,215,2.98611111111111,2011-06-26
"2057",57,223,3.09722222222222,2011-06-26
"2058",58,239,3.31944444444444,2011-06-26
"2059",59,251,3.48611111111111,2011-06-26
"2060",60,265,3.68055555555556,2011-06-26
"2061",61,272,3.77777777777778,2011-06-26
"2062",62,294,4.08333333333333,2011-06-26
"2063",63,303,4.20833333333333,2011-06-26
"2064",64,312,4.33333333333333,2011-06-26
"2065",65,324,4.5,2011-06-26
"2066",66,336,4.66666666666667,2011-06-26
"2067",67,355,4.93055555555556,2011-06-26
"2068",68,381,5.29166666666667,2011-06-26
"2069",69,390,5.41666666666667,2011-06-26
"2070",70,403,5.59722222222222,2011-06-26
"2071",71,419,5.81944444444444,2011-06-26
"2072",72,434,6.02777777777778,2011-06-26
"2073",73,446,6.19444444444444,2011-06-26
"2074",74,465,6.45833333333333,2011-06-26
"2075",75,474,6.58333333333333,2011-06-26
"2076",76,486,6.75,2011-06-26
"2077",77,497,6.90277777777778,2011-06-26
"2078",78,516,7.16666666666667,2011-06-26
"2079",79,533,7.40277777777778,2011-06-26
"2080",80,551,7.65277777777778,2011-06-26
"2081",81,567,7.875,2011-06-26
"2082",82,590,8.19444444444444,2011-06-26
"2083",83,609,8.45833333333333,2011-06-26
"2084",84,622,8.63888888888889,2011-06-26
"2085",85,637,8.84722222222222,2011-06-26
"2086",86,654,9.08333333333333,2011-06-26
"2087",87,673,9.34722222222222,2011-06-26
"2088",88,696,9.66666666666667,2011-06-26
"2089",89,710,9.86111111111111,2011-06-26
"2090",90,722,10.0277777777778,2011-06-26
"2091",91,740,10.2777777777778,2011-06-26
"2092",92,753,10.4583333333333,2011-06-26
"2093",93,769,10.6805555555556,2011-06-26
"2094",94,786,10.9166666666667,2011-06-26
"2095",95,807,11.2083333333333,2011-06-26
"2096",96,817,11.3472222222222,2011-06-26
"2097",97,840,11.6666666666667,2011-06-26
"2098",98,852,11.8333333333333,2011-06-26
"2099",99,869,12.0694444444444,2011-06-26
"2100",100,879,12.2083333333333,2011-06-26
"2101",101,899,12.4861111111111,2011-06-26
"2102",102,920,12.7777777777778,2011-06-26
"2103",103,938,13.0277777777778,2011-06-26
"2104",104,952,13.2222222222222,2011-06-26
"2105",105,963,13.375,2011-06-26
"2106",106,972,13.5,2011-06-26
"2107",107,984,13.6666666666667,2011-06-26
"2108",108,1003,13.9305555555556,2011-06-26
"2109",109,1015,14.0972222222222,2011-06-26
"2110",110,1026,14.25,2011-06-26
"2111",111,1048,14.5555555555556,2011-06-26
"2112",112,1059,14.7083333333333,2011-06-26
"2113",113,1075,14.9305555555556,2011-06-26
"2114",114,1092,15.1666666666667,2011-06-26
"2115",115,1101,15.2916666666667,2011-06-26
"2116",116,1110,15.4166666666667,2011-06-26
"2117",117,1116,15.5,2011-06-26
"2118",118,1125,15.625,2011-06-26
"2119",119,1136,15.7777777777778,2011-06-26
"2120",120,1145,15.9027777777778,2011-06-26
"2121",121,1159,16.0972222222222,2011-06-26
"2122",122,1169,16.2361111111111,2011-06-26
"2123",123,1185,16.4583333333333,2011-06-26
"2124",124,1198,16.6388888888889,2011-06-26
"2125",125,1203,16.7083333333333,2011-06-26
"2126",126,1209,16.7916666666667,2011-06-26
"2127",127,1226,17.0277777777778,2011-06-26
"2128",128,1235,17.1527777777778,2011-06-26
"2129",129,1253,17.4027777777778,2011-06-26
"2130",130,1261,17.5138888888889,2011-06-26
"2131",131,1274,17.6944444444444,2011-06-26
"2132",132,1282,17.8055555555556,2011-06-26
"2133",133,1284,17.8333333333333,2011-06-26
"2134",134,1295,17.9861111111111,2011-06-26
"2135",135,1308,18.1666666666667,2011-06-26
"2136",136,1321,18.3472222222222,2011-06-26
"2137",137,1335,18.5416666666667,2011-06-26
"2138",138,1347,18.7083333333333,2011-06-26
"2139",139,1361,18.9027777777778,2011-06-26
"2140",140,1369,19.0138888888889,2011-06-26
"2141",141,1379,19.1527777777778,2011-06-26
"2142",142,1389,19.2916666666667,2011-06-26
"2143",143,1396,19.3888888888889,2011-06-26
"2144",144,1401,19.4583333333333,2011-06-26
"2145",145,1419,19.7083333333333,2011-06-26
"2146",146,1437,19.9583333333333,2011-06-26
"2147",147,1448,20.1111111111111,2011-06-26
"2148",148,1459,20.2638888888889,2011-06-26
"2149",149,1465,20.3472222222222,2011-06-26
"2150",150,1482,20.5833333333333,2011-06-26
"2151",151,1491,20.7083333333333,2011-06-26
"2152",152,1499,20.8194444444444,2011-06-26
"2153",153,1517,21.0694444444444,2011-06-26
"2154",154,1524,21.1666666666667,2011-06-26
"2155",155,1530,21.25,2011-06-26
"2156",156,1540,21.3888888888889,2011-06-26
"2157",157,1548,21.5,2011-06-26
"2158",158,1560,21.6666666666667,2011-06-26
"2159",159,1573,21.8472222222222,2011-06-26
"2160",160,1573,21.8472222222222,2011-06-26
"2161",161,1577,21.9027777777778,2011-06-26
"2162",162,1581,21.9583333333333,2011-06-26
"2163",163,1584,22,2011-06-26
"2164",164,1592,22.1111111111111,2011-06-26
"2165",165,1603,22.2638888888889,2011-06-26
"2166",166,1609,22.3472222222222,2011-06-26
"2167",167,1615,22.4305555555556,2011-06-26
"2168",168,1625,22.5694444444444,2011-06-26
"2169",169,1632,22.6666666666667,2011-06-26
"2170",170,1638,22.75,2011-06-26
"2171",171,1645,22.8472222222222,2011-06-26
"2172",172,1649,22.9027777777778,2011-06-26
"2173",173,1656,23,2011-06-26
"2174",174,1666,23.1388888888889,2011-06-26
"2175",175,1674,23.25,2011-06-26
"2176",176,1674,23.25,2011-06-26
"2177",177,1676,23.2777777777778,2011-06-26
"2178",178,1679,23.3194444444444,2011-06-26
"2179",179,1689,23.4583333333333,2011-06-26
"2180",180,1695,23.5416666666667,2011-06-26
"2181",181,1703,23.6527777777778,2011-06-26
"2182",182,1707,23.7083333333333,2011-06-26
"2183",183,1711,23.7638888888889,2011-06-26
"2184",184,1717,23.8472222222222,2011-06-26
"2185",185,1726,23.9722222222222,2011-06-26
"2186",186,1730,24.0277777777778,2011-06-26
"2187",187,1730,24.0277777777778,2011-06-26
"2188",188,1733,24.0694444444444,2011-06-26
"2189",189,1740,24.1666666666667,2011-06-26
"2190",190,1742,24.1944444444444,2011-06-26
"2191",191,1743,24.2083333333333,2011-06-26
"2192",192,1747,24.2638888888889,2011-06-26
"2193",193,1753,24.3472222222222,2011-06-26
"2194",194,1762,24.4722222222222,2011-06-26
"2195",195,1763,24.4861111111111,2011-06-26
"2196",196,1765,24.5138888888889,2011-06-26
"2197",197,1769,24.5694444444444,2011-06-26
"2198",198,1773,24.625,2011-06-26
"2199",199,1777,24.6805555555556,2011-06-26
"2200",200,1779,24.7083333333333,2011-06-26
"2201",201,1785,24.7916666666667,2011-06-26
"2202",202,1790,24.8611111111111,2011-06-26
"2203",203,1791,24.875,2011-06-26
"2204",204,1792,24.8888888888889,2011-06-26
"2205",205,1796,24.9444444444444,2011-06-26
"2206",206,1802,25.0277777777778,2011-06-26
"2207",207,1806,25.0833333333333,2011-06-26
"2208",208,1808,25.1111111111111,2011-06-26
"2209",209,1812,25.1666666666667,2011-06-26
"2210",210,1815,25.2083333333333,2011-06-26
"2211",211,1815,25.2083333333333,2011-06-26
"2212",212,1817,25.2361111111111,2011-06-26
"2213",213,1818,25.25,2011-06-26
"2214",214,1819,25.2638888888889,2011-06-26
"2215",215,1821,25.2916666666667,2011-06-26
"2216",216,1824,25.3333333333333,2011-06-26
"2217",217,1834,25.4722222222222,2011-06-26
"2218",218,1839,25.5416666666667,2011-06-26
"2219",219,1840,25.5555555555556,2011-06-26
"2220",220,1841,25.5694444444444,2011-06-26
"2221",221,1843,25.5972222222222,2011-06-26
"2222",222,1847,25.6527777777778,2011-06-26
"2223",223,1847,25.6527777777778,2011-06-26
"2224",224,1848,25.6666666666667,2011-06-26
"2225",225,1849,25.6805555555556,2011-06-26
"2226",226,1851,25.7083333333333,2011-06-26
"2227",227,1857,25.7916666666667,2011-06-26
"2228",228,1859,25.8194444444444,2011-06-26
"2229",229,1861,25.8472222222222,2011-06-26
"2230",230,1861,25.8472222222222,2011-06-26
"2231",231,1863,25.875,2011-06-26
"2232",232,1863,25.875,2011-06-26
"2233",233,1866,25.9166666666667,2011-06-26
"2234",234,1868,25.9444444444444,2011-06-26
"2235",235,1870,25.9722222222222,2011-06-26
"2236",236,1874,26.0277777777778,2011-06-26
"2237",237,1876,26.0555555555556,2011-06-26
"2238",238,1877,26.0694444444444,2011-06-26
"2239",239,1877,26.0694444444444,2011-06-26
"2240",240,1879,26.0972222222222,2011-06-26
"2241",241,1880,26.1111111111111,2011-06-26
"2242",242,1880,26.1111111111111,2011-06-26
"2243",243,1882,26.1388888888889,2011-06-26
"2244",244,1882,26.1388888888889,2011-06-26
"2245",245,1885,26.1805555555556,2011-06-26
"2246",246,1889,26.2361111111111,2011-06-26
"2247",247,1890,26.25,2011-06-26
"2248",248,1892,26.2777777777778,2011-06-26
"2249",249,1892,26.2777777777778,2011-06-26
"2250",250,1892,26.2777777777778,2011-06-26
"2251",251,1892,26.2777777777778,2011-06-26
"2252",252,1893,26.2916666666667,2011-06-26
"2253",253,1894,26.3055555555556,2011-06-26
"2254",254,1894,26.3055555555556,2011-06-26
"2255",255,1894,26.3055555555556,2011-06-26
"2256",256,1896,26.3333333333333,2011-06-26
"2257",257,1896,26.3333333333333,2011-06-26
"2258",258,1896,26.3333333333333,2011-06-26
"2259",259,1900,26.3888888888889,2011-06-26
"2260",260,1903,26.4305555555556,2011-06-26
"2261",261,1903,26.4305555555556,2011-06-26
"2262",262,1903,26.4305555555556,2011-06-26
"2263",263,1907,26.4861111111111,2011-06-26
"2264",264,1909,26.5138888888889,2011-06-26
"2265",265,1911,26.5416666666667,2011-06-26
"2266",266,1911,26.5416666666667,2011-06-26
"2267",267,1911,26.5416666666667,2011-06-26
"2268",268,1916,26.6111111111111,2011-06-26
"2269",269,1918,26.6388888888889,2011-06-26
"2270",270,1918,26.6388888888889,2011-06-26
"2271",271,1918,26.6388888888889,2011-06-26
"2272",272,1918,26.6388888888889,2011-06-26
"2273",273,1919,26.6527777777778,2011-06-26
"2274",274,1921,26.6805555555556,2011-06-26
"2275",275,1921,26.6805555555556,2011-06-26
"2276",276,1923,26.7083333333333,2011-06-26
"2277",277,1925,26.7361111111111,2011-06-26
"2278",278,1925,26.7361111111111,2011-06-26
"2279",279,1925,26.7361111111111,2011-06-26
"2280",280,1925,26.7361111111111,2011-06-26
"2281",281,1925,26.7361111111111,2011-06-26
"2282",282,1926,26.75,2011-06-26
"2283",283,1926,26.75,2011-06-26
"2284",284,1926,26.75,2011-06-26
"2285",285,1928,26.7777777777778,2011-06-26
"2286",286,1930,26.8055555555556,2011-06-26
"2287",287,1930,26.8055555555556,2011-06-26
"2288",288,1932,26.8333333333333,2011-06-26
"2289",289,1932,26.8333333333333,2011-06-26
"2290",290,1932,26.8333333333333,2011-06-26
"2291",291,1934,26.8611111111111,2011-06-26
"2292",292,1934,26.8611111111111,2011-06-26
"2293",293,1936,26.8888888888889,2011-06-26
"2294",294,1936,26.8888888888889,2011-06-26
"2295",295,1936,26.8888888888889,2011-06-26
"2296",296,1936,26.8888888888889,2011-06-26
"2297",297,1936,26.8888888888889,2011-06-26
"2298",298,1937,26.9027777777778,2011-06-26
"2299",299,1937,26.9027777777778,2011-06-26
"2300",300,1937,26.9027777777778,2011-06-26
"2301",301,1937,26.9027777777778,2011-06-26
"2302",302,1937,26.9027777777778,2011-06-26
"2303",303,1937,26.9027777777778,2011-06-26
"2304",304,1938,26.9166666666667,2011-06-26
"2305",305,1940,26.9444444444444,2011-06-26
"2306",306,1941,26.9583333333333,2011-06-26
"2307",307,1943,26.9861111111111,2011-06-26
"2308",308,1943,26.9861111111111,2011-06-26
"2309",309,1945,27.0138888888889,2011-06-26
"2310",310,1945,27.0138888888889,2011-06-26
"2311",311,1946,27.0277777777778,2011-06-26
"2312",312,1946,27.0277777777778,2011-06-26
"2313",313,1946,27.0277777777778,2011-06-26
"2314",314,1946,27.0277777777778,2011-06-26
"2315",315,1946,27.0277777777778,2011-06-26
"2316",316,1946,27.0277777777778,2011-06-26
"2317",317,1946,27.0277777777778,2011-06-26
"2318",318,1946,27.0277777777778,2011-06-26
"2319",319,1946,27.0277777777778,2011-06-26
"2320",320,1946,27.0277777777778,2011-06-26
"2321",321,1946,27.0277777777778,2011-06-26
"2322",322,1946,27.0277777777778,2011-06-26
"2323",323,1946,27.0277777777778,2011-06-26
"2324",324,1947,27.0416666666667,2011-06-26
"2325",325,1949,27.0694444444444,2011-06-26
"2326",326,1949,27.0694444444444,2011-06-26
"2327",327,1951,27.0972222222222,2011-06-26
"2328",328,1952,27.1111111111111,2011-06-26
"2329",329,1952,27.1111111111111,2011-06-26
"2330",330,1954,27.1388888888889,2011-06-26
"2331",331,1954,27.1388888888889,2011-06-26
"2332",332,1954,27.1388888888889,2011-06-26
"2333",333,1954,27.1388888888889,2011-06-26
"2334",334,1954,27.1388888888889,2011-06-26
"2335",335,1956,27.1666666666667,2011-06-26
"2336",336,1956,27.1666666666667,2011-06-26
"2337",337,1956,27.1666666666667,2011-06-26
"2338",338,1956,27.1666666666667,2011-06-26
"2339",339,1957,27.1805555555556,2011-06-26
"2340",340,1957,27.1805555555556,2011-06-26
"2341",341,1958,27.1944444444444,2011-06-26
"2342",342,1962,27.25,2011-06-26
"2343",343,1964,27.2777777777778,2011-06-26
"2344",344,1964,27.2777777777778,2011-06-26
"2345",345,1964,27.2777777777778,2011-06-26
"2346",346,1964,27.2777777777778,2011-06-26
"2347",347,1964,27.2777777777778,2011-06-26
"2348",348,1966,27.3055555555556,2011-06-26
"2349",349,1968,27.3333333333333,2011-06-26
"2350",350,1968,27.3333333333333,2011-06-26
"2351",351,1968,27.3333333333333,2011-06-26
"2352",352,1970,27.3611111111111,2011-06-26
"2353",353,1972,27.3888888888889,2011-06-26
"2354",354,1972,27.3888888888889,2011-06-26
"2355",355,1973,27.4027777777778,2011-06-26
"2356",356,1973,27.4027777777778,2011-06-26
"2357",357,1973,27.4027777777778,2011-06-26
"2358",358,1973,27.4027777777778,2011-06-26
"2359",359,1973,27.4027777777778,2011-06-26
"2360",360,1973,27.4027777777778,2011-06-26
"2361",361,1973,27.4027777777778,2011-06-26
"2362",362,1973,27.4027777777778,2011-06-26
"2363",363,1973,27.4027777777778,2011-06-26
"2364",364,1975,27.4305555555556,2011-06-26
"2365",365,1975,27.4305555555556,2011-06-26
"2366",366,1975,27.4305555555556,2011-06-26
"2367",367,1975,27.4305555555556,2011-06-26
"2368",368,1975,27.4305555555556,2011-06-26
"2369",369,1977,27.4583333333333,2011-06-26
"2370",370,1977,27.4583333333333,2011-06-26
"2371",371,1979,27.4861111111111,2011-06-26
"2372",372,1981,27.5138888888889,2011-06-26
"2373",373,1981,27.5138888888889,2011-06-26
"2374",374,1981,27.5138888888889,2011-06-26
"2375",375,1981,27.5138888888889,2011-06-26
"2376",376,1981,27.5138888888889,2011-06-26
"2377",377,1981,27.5138888888889,2011-06-26
"2378",378,1981,27.5138888888889,2011-06-26
"2379",379,1981,27.5138888888889,2011-06-26
"2380",380,1981,27.5138888888889,2011-06-26
"2381",381,1981,27.5138888888889,2011-06-26
"2382",382,1981,27.5138888888889,2011-06-26
"2383",383,1981,27.5138888888889,2011-06-26
"2384",384,1981,27.5138888888889,2011-06-26
"2385",385,1981,27.5138888888889,2011-06-26
"2386",386,1983,27.5416666666667,2011-06-26
"2387",387,1983,27.5416666666667,2011-06-26
"2388",388,1983,27.5416666666667,2011-06-26
"2389",389,1983,27.5416666666667,2011-06-26
"2390",390,1983,27.5416666666667,2011-06-26
"2391",391,1983,27.5416666666667,2011-06-26
"2392",392,1983,27.5416666666667,2011-06-26
"2393",393,1983,27.5416666666667,2011-06-26
"2394",394,1983,27.5416666666667,2011-06-26
"2395",395,1983,27.5416666666667,2011-06-26
"2396",396,1983,27.5416666666667,2011-06-26
"2397",397,1983,27.5416666666667,2011-06-26
"2398",398,1983,27.5416666666667,2011-06-26
"2399",399,1983,27.5416666666667,2011-06-26
"2400",400,1983,27.5416666666667,2011-06-26
"2401",401,1984,27.5555555555556,2011-06-26
"2402",402,1984,27.5555555555556,2011-06-26
"2403",403,1984,27.5555555555556,2011-06-26
"2404",404,1984,27.5555555555556,2011-06-26
"2405",405,1984,27.5555555555556,2011-06-26
"2406",406,1984,27.5555555555556,2011-06-26
"2407",407,1984,27.5555555555556,2011-06-26
"2408",408,1984,27.5555555555556,2011-06-26
"2409",409,1986,27.5833333333333,2011-06-26
"2410",410,1986,27.5833333333333,2011-06-26
"2411",411,1986,27.5833333333333,2011-06-26
"2412",412,1986,27.5833333333333,2011-06-26
"2413",413,1986,27.5833333333333,2011-06-26
"2414",414,1986,27.5833333333333,2011-06-26
"2415",415,1986,27.5833333333333,2011-06-26
"2416",416,1986,27.5833333333333,2011-06-26
"2417",417,1986,27.5833333333333,2011-06-26
"2418",418,1986,27.5833333333333,2011-06-26
"2419",419,1986,27.5833333333333,2011-06-26
"2420",420,1988,27.6111111111111,2011-06-26
"2421",421,1988,27.6111111111111,2011-06-26
"2422",422,1988,27.6111111111111,2011-06-26
"2423",423,1988,27.6111111111111,2011-06-26
"2424",424,1988,27.6111111111111,2011-06-26
"2425",425,1990,27.6388888888889,2011-06-26
"2426",426,1990,27.6388888888889,2011-06-26
"2427",427,1990,27.6388888888889,2011-06-26
"2428",428,1990,27.6388888888889,2011-06-26
"2429",429,1990,27.6388888888889,2011-06-26
"2430",430,1990,27.6388888888889,2011-06-26
"2431",431,1990,27.6388888888889,2011-06-26
"2432",432,1990,27.6388888888889,2011-06-26
"2433",433,1990,27.6388888888889,2011-06-26
"2434",434,1990,27.6388888888889,2011-06-26
"2435",435,1990,27.6388888888889,2011-06-26
"2436",436,1990,27.6388888888889,2011-06-26
"2437",437,1990,27.6388888888889,2011-06-26
"2438",438,1992,27.6666666666667,2011-06-26
"2439",439,1992,27.6666666666667,2011-06-26
"2440",440,1994,27.6944444444444,2011-06-26
"2441",441,1994,27.6944444444444,2011-06-26
"2442",442,1994,27.6944444444444,2011-06-26
"2443",443,1994,27.6944444444444,2011-06-26
"2444",444,1994,27.6944444444444,2011-06-26
"2445",445,1994,27.6944444444444,2011-06-26
"2446",446,1994,27.6944444444444,2011-06-26
"2447",447,1994,27.6944444444444,2011-06-26
"2448",448,1994,27.6944444444444,2011-06-26
"2449",449,1994,27.6944444444444,2011-06-26
"2450",450,1994,27.6944444444444,2011-06-26
"2451",451,1994,27.6944444444444,2011-06-26
"2452",452,1994,27.6944444444444,2011-06-26
"2453",453,1994,27.6944444444444,2011-06-26
"2454",454,1996,27.7222222222222,2011-06-26
"2455",455,1996,27.7222222222222,2011-06-26
"2456",456,1996,27.7222222222222,2011-06-26
"2457",457,1996,27.7222222222222,2011-06-26
"2458",458,1996,27.7222222222222,2011-06-26
"2459",459,1996,27.7222222222222,2011-06-26
"2460",460,1996,27.7222222222222,2011-06-26
"2461",461,1996,27.7222222222222,2011-06-26
"2462",462,1996,27.7222222222222,2011-06-26
"2463",463,1996,27.7222222222222,2011-06-26
"2464",464,1996,27.7222222222222,2011-06-26
"2465",465,1996,27.7222222222222,2011-06-26
"2466",466,1996,27.7222222222222,2011-06-26
"2467",467,1996,27.7222222222222,2011-06-26
"2468",468,1996,27.7222222222222,2011-06-26
"2469",469,1996,27.7222222222222,2011-06-26
"2470",470,1996,27.7222222222222,2011-06-26
"2471",471,1998,27.75,2011-06-26
"2472",472,1998,27.75,2011-06-26
"2473",473,2000,27.7777777777778,2011-06-26
"2474",474,2001,27.7916666666667,2011-06-26
"2475",475,2001,27.7916666666667,2011-06-26
"2476",476,2001,27.7916666666667,2011-06-26
"2477",477,2001,27.7916666666667,2011-06-26
"2478",478,2001,27.7916666666667,2011-06-26
"2479",479,2001,27.7916666666667,2011-06-26
"2480",480,2001,27.7916666666667,2011-06-26
"2481",481,2001,27.7916666666667,2011-06-26
"2482",482,2001,27.7916666666667,2011-06-26
"2483",483,2001,27.7916666666667,2011-06-26
"2484",484,2001,27.7916666666667,2011-06-26
"2485",485,2001,27.7916666666667,2011-06-26
"2486",486,2001,27.7916666666667,2011-06-26
"2487",487,2001,27.7916666666667,2011-06-26
"2488",488,2001,27.7916666666667,2011-06-26
"2489",489,2001,27.7916666666667,2011-06-26
"2490",490,2001,27.7916666666667,2011-06-26
"2491",491,2001,27.7916666666667,2011-06-26
"2492",492,2001,27.7916666666667,2011-06-26
"2493",493,2002,27.8055555555556,2011-06-26
"2494",494,2002,27.8055555555556,2011-06-26
"2495",495,2002,27.8055555555556,2011-06-26
"2496",496,2002,27.8055555555556,2011-06-26
"2497",497,2002,27.8055555555556,2011-06-26
"2498",498,2002,27.8055555555556,2011-06-26
"2499",499,2002,27.8055555555556,2011-06-26
"2500",500,2002,27.8055555555556,2011-06-26
